"id","customer_id","transaction_type","amount","transaction_datetime","tax_amount","tax_type","payment_status","product_id"
1,34,"CASH",901345,"2023-02-22 21:45:32",8,"PPN","SUCCESS",4
2,31,"QRIS",11843,"2023-02-23 13:37:29",3,"PB1","SUCCESS",5
3,58,"QRIS",887476,"2023-04-29 01:59:54",10,"PB1","SUCCESS",5
4,61,"CREDIT",865024,"2023-09-09 22:01:59",3,"PB1","SUCCESS",5
5,61,"CASH",7647,"2023-11-09 09:39:16",4,"PPN","PENDING",4
6,97,"CREDIT",492010,"2022-11-18 13:14:40",1,"PPN","FAILED",4
7,77,"CASH",59503,"2022-11-01 16:53:11",6,"PB1","PENDING",4
8,40,"CASH",889694,"2023-07-26 15:07:20",9,"PPN","EXPIRED",6
9,13,"CASH",318697,"2022-12-08 17:20:51",7,"PB1","SUCCESS",5
10,59,"DEBIT",176555,"2023-11-20 12:27:04",8,"PB1","SUCCESS",2
11,71,"DEBIT",611344,"2022-07-23 22:06:40",10,"PB1","PENDING",5
12,25,"CASH",346697,"2023-07-20 05:18:52",5,"PB1","PENDING",6
13,79,"CASH",147156,"2023-09-13 06:07:36",7,"PB1","SUCCESS",2
14,7,"DEBIT",342528,"2023-03-30 08:09:28",5,"PPN","SUCCESS",4
15,82,"QRIS",435031,"2023-08-17 02:40:43",7,"PB1","SUCCESS",4
16,1,"CREDIT",463328,"2022-03-19 23:31:37",10,"PPN","SUCCESS",1
17,97,"CASH",552321,"2022-03-24 20:44:50",10,"PB1","SUCCESS",6
18,28,"CREDIT",326505,"2022-03-30 10:02:51",4,"PPN","FAILED",4
19,67,"QRIS",604243,"2023-11-26 03:53:22",10,"PB1","CANCELED",6
20,19,"CASH",275182,"2023-08-01 03:29:48",8,"PPN","FAILED",3
21,88,"QRIS",393953,"2023-02-05 11:54:49",9,"PPN","SUCCESS",1
22,66,"CREDIT",984776,"2023-05-28 10:23:51",9,"PPN","SUCCESS",3
23,5,"QRIS",39,"2022-01-24 17:52:40",6,"PPN","SUCCESS",6
24,6,"QRIS",331698,"2023-02-27 10:07:40",10,"PB1","PENDING",1
25,6,"DEBIT",498863,"2022-09-07 10:34:37",10,"PB1","CANCELED",5
26,40,"QRIS",496785,"2023-07-07 14:54:43",3,"PPN","SUCCESS",1
27,60,"QRIS",405603,"2023-01-01 00:45:28",8,"PPN","SUCCESS",5
28,50,"DEBIT",167797,"2023-10-24 17:50:35",7,"PB1","SUCCESS",4
29,1,"CASH",629864,"2022-11-21 15:17:08",1,"PPN","SUCCESS",5
30,62,"CREDIT",27108,"2023-07-12 19:35:03",9,"PPN","SUCCESS",4
31,62,"CASH",888486,"2022-05-14 22:05:45",5,"PPN","SUCCESS",2
32,29,"CASH",530059,"2022-08-11 20:24:40",10,"PPN","SUCCESS",1
33,91,"DEBIT",153706,"2023-03-04 03:12:35",8,"PPN","FAILED",4
34,68,"CASH",211450,"2023-10-26 05:51:50",2,"PPN","SUCCESS",2
35,39,"QRIS",430488,"2022-06-05 01:19:35",1,"PPN","SUCCESS",6
36,97,"QRIS",868967,"2022-07-12 17:24:53",10,"PB1","FAILED",6
37,2,"CREDIT",317990,"2023-11-08 00:38:27",1,"PB1","SUCCESS",5
38,83,"QRIS",313122,"2022-01-17 12:02:51",1,"PPN","SUCCESS",6
39,82,"CREDIT",599998,"2022-07-01 21:19:54",3,"PPN","SUCCESS",3
40,64,"CASH",473532,"2023-07-02 22:12:02",7,"PB1","SUCCESS",5
41,45,"DEBIT",16793,"2023-11-25 19:01:18",3,"PPN","SUCCESS",4
42,56,"QRIS",406680,"2022-05-02 05:54:46",6,"PPN","SUCCESS",5
43,63,"QRIS",978578,"2023-01-05 12:47:01",7,"PPN","EXPIRED",6
44,64,"CREDIT",881715,"2022-03-26 05:55:22",2,"PPN","EXPIRED",6
45,84,"DEBIT",100505,"2022-04-30 07:50:26",6,"PPN","SUCCESS",4
46,43,"DEBIT",635859,"2022-12-11 16:02:46",6,"PPN","SUCCESS",2
47,51,"CASH",893448,"2022-04-06 17:56:27",6,"PPN","SUCCESS",3
48,37,"QRIS",946169,"2022-04-09 13:25:43",7,"PB1","SUCCESS",3
49,6,"QRIS",42554,"2023-08-17 03:28:50",4,"PPN","SUCCESS",5
50,28,"DEBIT",12597,"2022-02-06 01:18:30",6,"PB1","FAILED",4
51,82,"DEBIT",427682,"2023-11-12 05:03:35",5,"PB1","SUCCESS",6
52,32,"DEBIT",336968,"2022-11-17 09:43:55",1,"PPN","SUCCESS",6
53,46,"QRIS",788559,"2022-12-22 01:38:57",2,"PPN","SUCCESS",5
54,56,"CASH",327445,"2022-01-07 09:16:38",3,"PPN","SUCCESS",5
55,41,"CASH",860671,"2022-04-25 13:58:43",2,"PB1","SUCCESS",5
56,35,"CREDIT",415329,"2022-03-27 18:03:05",10,"PPN","EXPIRED",6
57,35,"CASH",981249,"2023-10-16 16:10:25",2,"PPN","CANCELED",4
58,61,"CASH",51343,"2023-05-02 08:53:34",3,"PPN","EXPIRED",4
59,79,"CREDIT",250844,"2022-03-06 11:08:28",2,"PB1","SUCCESS",4
60,29,"QRIS",271212,"2023-01-02 07:23:12",10,"PPN","SUCCESS",5
61,58,"CREDIT",43553,"2022-07-22 15:34:10",10,"PPN","SUCCESS",2
62,64,"CASH",493739,"2022-05-23 19:53:39",4,"PB1","SUCCESS",5
63,90,"CREDIT",342236,"2022-11-09 03:31:23",8,"PPN","PENDING",5
64,19,"QRIS",863966,"2022-10-22 17:29:25",5,"PB1","EXPIRED",4
65,96,"CREDIT",304839,"2023-11-25 21:00:04",3,"PB1","SUCCESS",6
66,95,"CREDIT",789392,"2023-07-13 17:45:53",2,"PB1","SUCCESS",6
67,17,"CREDIT",731287,"2023-05-25 08:13:11",6,"PPN","SUCCESS",5
68,97,"CREDIT",561695,"2023-04-26 03:11:55",4,"PB1","SUCCESS",1
69,73,"DEBIT",214253,"2023-04-16 14:39:36",6,"PB1","SUCCESS",5
70,14,"DEBIT",481675,"2023-06-06 10:54:39",4,"PPN","SUCCESS",5
71,4,"CASH",433660,"2022-03-26 19:54:40",4,"PB1","SUCCESS",5
72,84,"CREDIT",725579,"2023-07-15 16:30:42",10,"PB1","SUCCESS",4
73,61,"QRIS",752689,"2023-07-15 08:14:06",6,"PB1","CANCELED",5
74,52,"CREDIT",106968,"2023-01-08 13:58:21",9,"PPN","SUCCESS",4
75,5,"CREDIT",4721,"2023-08-24 14:32:17",3,"PB1","SUCCESS",5
76,53,"QRIS",328794,"2022-06-04 07:51:44",1,"PB1","CANCELED",5
77,73,"DEBIT",144331,"2022-02-04 11:52:40",6,"PPN","SUCCESS",3
78,78,"QRIS",440348,"2023-04-26 09:29:15",2,"PB1","SUCCESS",3
79,54,"QRIS",151714,"2023-01-25 09:46:46",4,"PB1","CANCELED",6
80,66,"CASH",507795,"2022-10-31 00:26:22",1,"PPN","SUCCESS",5
81,50,"CREDIT",966297,"2023-01-06 20:08:22",6,"PPN","SUCCESS",4
82,20,"DEBIT",758760,"2023-10-18 10:19:05",3,"PPN","SUCCESS",2
83,59,"CASH",542010,"2022-01-27 07:09:14",2,"PB1","SUCCESS",4
84,53,"QRIS",162956,"2023-07-19 10:10:43",3,"PPN","SUCCESS",5
85,25,"CREDIT",694625,"2022-03-13 10:03:31",7,"PB1","SUCCESS",1
86,67,"CREDIT",134228,"2022-09-30 01:06:29",7,"PPN","SUCCESS",6
87,98,"QRIS",313292,"2023-10-17 00:43:27",9,"PB1","SUCCESS",4
88,5,"CASH",543753,"2022-09-10 13:19:19",4,"PPN","SUCCESS",4
89,13,"CREDIT",502357,"2022-05-22 09:42:10",2,"PB1","SUCCESS",4
90,26,"CASH",380196,"2022-02-15 17:17:23",10,"PB1","CANCELED",5
91,32,"QRIS",484113,"2022-11-19 10:04:36",10,"PB1","CANCELED",6
92,86,"QRIS",298374,"2022-10-22 22:39:28",4,"PPN","SUCCESS",5
93,54,"QRIS",53231,"2022-02-03 10:45:54",2,"PPN","SUCCESS",5
94,40,"CREDIT",848681,"2023-11-17 02:26:31",7,"PB1","SUCCESS",5
95,55,"DEBIT",918824,"2023-07-24 07:25:33",4,"PB1","SUCCESS",1
96,27,"CREDIT",385930,"2023-03-30 04:36:26",5,"PB1","SUCCESS",4
97,96,"CASH",783420,"2023-07-18 14:05:46",8,"PB1","SUCCESS",2
98,39,"QRIS",10964,"2023-10-14 11:11:05",2,"PB1","SUCCESS",6
99,5,"CREDIT",113223,"2022-05-25 17:29:11",7,"PB1","SUCCESS",6
100,96,"QRIS",488006,"2022-06-11 00:24:22",8,"PPN","EXPIRED",5
101,26,"QRIS",159650,"2022-01-22 21:21:42",9,"PB1","FAILED",6
102,70,"CREDIT",449846,"2023-07-09 07:34:08",5,"PPN","SUCCESS",3
103,63,"CREDIT",522376,"2022-05-24 10:45:44",8,"PB1","SUCCESS",4
104,16,"CREDIT",372029,"2022-03-25 09:55:25",6,"PPN","SUCCESS",3
105,3,"CREDIT",7199,"2022-07-17 05:17:03",8,"PB1","SUCCESS",6
106,57,"QRIS",111253,"2022-10-06 16:34:09",7,"PPN","SUCCESS",3
107,2,"CREDIT",933664,"2022-02-11 21:11:07",1,"PPN","SUCCESS",4
108,9,"CREDIT",804123,"2022-10-19 06:25:13",7,"PB1","PENDING",5
109,36,"CREDIT",910372,"2023-02-06 18:00:00",9,"PB1","SUCCESS",6
110,23,"DEBIT",199466,"2023-04-22 08:33:42",4,"PPN","SUCCESS",5
111,37,"DEBIT",343720,"2023-07-16 14:23:12",10,"PPN","SUCCESS",4
112,68,"CASH",531686,"2023-07-24 08:15:43",9,"PPN","SUCCESS",2
113,88,"DEBIT",949137,"2023-10-16 14:09:09",10,"PPN","SUCCESS",1
114,4,"QRIS",169645,"2023-02-23 14:52:36",9,"PB1","SUCCESS",6
115,74,"DEBIT",595538,"2022-09-30 04:59:07",1,"PB1","SUCCESS",6
116,83,"QRIS",533177,"2022-03-06 08:00:02",1,"PB1","SUCCESS",6
117,59,"CREDIT",675149,"2022-11-01 21:16:03",6,"PB1","PENDING",6
118,14,"QRIS",632542,"2022-04-24 23:07:43",6,"PPN","SUCCESS",6
119,76,"CREDIT",797965,"2022-11-11 16:22:24",3,"PPN","SUCCESS",5
120,2,"CASH",557761,"2022-03-05 21:15:03",9,"PPN","PENDING",1
121,85,"DEBIT",178369,"2023-09-05 14:41:36",10,"PPN","SUCCESS",3
122,26,"CREDIT",353161,"2022-01-10 17:54:16",5,"PPN","SUCCESS",4
123,13,"CREDIT",341121,"2022-09-23 21:33:23",1,"PB1","PENDING",3
124,84,"CREDIT",306626,"2023-10-31 12:53:12",5,"PPN","SUCCESS",2
125,42,"CASH",803994,"2022-11-30 01:59:23",2,"PB1","SUCCESS",5
126,29,"CREDIT",882725,"2022-04-15 19:32:35",7,"PB1","PENDING",6
127,54,"CREDIT",585070,"2023-06-26 06:28:05",2,"PPN","SUCCESS",4
128,65,"DEBIT",995552,"2022-05-11 15:59:50",7,"PB1","SUCCESS",5
129,27,"CREDIT",59927,"2022-04-28 18:38:53",9,"PPN","CANCELED",4
130,12,"DEBIT",657868,"2022-12-26 20:06:15",8,"PPN","FAILED",6
131,72,"QRIS",984703,"2023-06-08 07:24:11",5,"PPN","SUCCESS",5
132,55,"DEBIT",195682,"2023-03-27 17:53:14",5,"PB1","CANCELED",3
133,89,"CREDIT",972796,"2022-09-14 12:47:45",5,"PB1","SUCCESS",4
134,88,"CREDIT",839771,"2023-04-22 10:29:05",7,"PPN","SUCCESS",6
135,69,"DEBIT",705761,"2023-11-19 11:56:46",6,"PB1","EXPIRED",6
136,5,"QRIS",500482,"2023-09-08 07:06:27",8,"PPN","EXPIRED",5
137,4,"CREDIT",364535,"2022-08-30 13:41:40",2,"PPN","SUCCESS",3
138,52,"QRIS",24801,"2022-03-24 16:01:17",9,"PPN","SUCCESS",5
139,74,"DEBIT",840296,"2023-08-15 12:38:08",4,"PB1","EXPIRED",6
140,57,"DEBIT",436088,"2022-12-24 03:11:59",5,"PB1","CANCELED",3
141,59,"QRIS",877692,"2022-07-27 12:17:19",6,"PB1","SUCCESS",6
142,3,"QRIS",480345,"2022-11-29 10:24:55",1,"PB1","PENDING",6
143,56,"CREDIT",620084,"2022-01-17 23:19:33",8,"PB1","SUCCESS",3
144,23,"QRIS",520279,"2023-01-15 21:46:47",3,"PPN","FAILED",4
145,23,"DEBIT",284764,"2022-04-11 12:45:24",9,"PB1","SUCCESS",5
146,31,"QRIS",105792,"2023-03-22 11:30:04",1,"PPN","EXPIRED",4
147,88,"CREDIT",801498,"2023-04-29 13:06:01",9,"PB1","SUCCESS",1
148,50,"QRIS",176220,"2023-06-11 11:54:01",8,"PB1","SUCCESS",4
149,76,"CREDIT",993911,"2022-01-27 08:33:12",9,"PPN","SUCCESS",4
150,46,"CASH",548837,"2023-07-09 23:13:15",6,"PB1","CANCELED",4
151,27,"QRIS",305516,"2023-10-06 09:44:39",7,"PPN","PENDING",1
152,82,"DEBIT",378443,"2023-03-23 18:08:59",6,"PPN","SUCCESS",6
153,17,"QRIS",867061,"2022-04-20 20:21:52",2,"PPN","SUCCESS",6
154,61,"CREDIT",290917,"2022-01-04 01:58:32",8,"PB1","SUCCESS",6
155,59,"DEBIT",291727,"2022-04-29 09:43:21",6,"PB1","SUCCESS",6
156,97,"QRIS",808482,"2023-05-19 15:19:48",10,"PB1","CANCELED",6
157,35,"CASH",836520,"2023-08-07 00:47:17",7,"PB1","SUCCESS",5
158,20,"QRIS",194174,"2023-03-10 10:56:39",10,"PPN","SUCCESS",5
159,3,"QRIS",431894,"2022-09-26 01:55:55",6,"PPN","SUCCESS",5
160,62,"CASH",766805,"2022-08-22 12:12:59",4,"PPN","SUCCESS",5
161,7,"QRIS",363706,"2022-08-08 15:54:27",7,"PPN","SUCCESS",6
162,86,"CASH",6928,"2023-01-04 06:45:48",10,"PB1","SUCCESS",6
163,52,"QRIS",125451,"2022-01-28 11:11:06",10,"PPN","SUCCESS",5
164,38,"DEBIT",368634,"2022-01-15 15:36:24",10,"PB1","FAILED",6
165,3,"DEBIT",993314,"2023-01-27 20:07:56",10,"PB1","SUCCESS",6
166,81,"CASH",176929,"2022-11-09 05:34:55",8,"PB1","SUCCESS",6
167,41,"QRIS",241496,"2022-12-07 19:47:48",2,"PPN","SUCCESS",2
168,27,"CASH",953375,"2023-05-29 23:41:13",3,"PB1","SUCCESS",6
169,69,"CASH",201603,"2022-03-20 00:25:02",4,"PPN","FAILED",1
170,41,"QRIS",129973,"2022-01-17 15:02:22",2,"PB1","SUCCESS",5
171,62,"DEBIT",123713,"2023-09-19 03:12:24",10,"PB1","PENDING",5
172,75,"CREDIT",665406,"2023-05-07 04:10:35",8,"PB1","SUCCESS",6
173,62,"QRIS",732192,"2023-04-11 15:03:28",1,"PB1","SUCCESS",1
174,8,"QRIS",558378,"2022-05-26 07:49:15",1,"PPN","SUCCESS",1
175,63,"QRIS",550477,"2023-02-08 18:47:04",2,"PB1","SUCCESS",4
176,91,"DEBIT",983855,"2023-06-30 06:54:45",9,"PPN","SUCCESS",4
177,52,"CASH",709501,"2023-01-18 16:29:18",7,"PB1","EXPIRED",6
178,14,"CASH",585893,"2023-04-22 05:41:12",7,"PPN","SUCCESS",6
179,37,"CREDIT",230054,"2023-11-26 16:28:00",2,"PB1","EXPIRED",6
180,14,"CREDIT",24492,"2023-02-24 22:41:34",2,"PPN","SUCCESS",4
181,100,"CASH",576863,"2023-09-03 23:42:17",6,"PB1","CANCELED",2
182,68,"QRIS",558770,"2023-09-25 00:58:53",2,"PPN","SUCCESS",1
183,29,"CREDIT",430195,"2023-08-10 06:39:51",2,"PB1","EXPIRED",3
184,16,"CASH",58126,"2023-05-22 13:31:47",8,"PB1","SUCCESS",3
185,31,"QRIS",706990,"2022-05-20 13:39:23",7,"PB1","SUCCESS",4
186,94,"QRIS",485184,"2022-04-13 10:00:52",9,"PB1","SUCCESS",6
187,70,"CASH",395300,"2023-10-15 00:26:50",7,"PB1","SUCCESS",6
188,12,"CASH",124303,"2023-08-07 04:04:58",10,"PPN","EXPIRED",5
189,83,"DEBIT",700601,"2023-11-04 04:14:31",9,"PB1","CANCELED",6
190,93,"CASH",390390,"2022-12-11 10:54:42",6,"PPN","SUCCESS",3
191,61,"CASH",505166,"2023-08-21 06:33:06",4,"PB1","SUCCESS",6
192,34,"DEBIT",510403,"2023-02-20 17:46:25",2,"PPN","PENDING",5
193,85,"CREDIT",215146,"2022-03-07 18:18:14",1,"PPN","EXPIRED",5
194,61,"QRIS",480502,"2022-11-26 08:14:55",1,"PPN","FAILED",6
195,19,"CASH",339172,"2023-11-08 09:48:10",8,"PPN","SUCCESS",5
196,81,"CASH",650379,"2022-02-18 10:17:03",6,"PB1","CANCELED",6
197,60,"DEBIT",450954,"2022-06-04 04:40:36",2,"PPN","SUCCESS",2
198,32,"DEBIT",550570,"2022-07-31 17:15:37",6,"PPN","SUCCESS",1
199,50,"CREDIT",238653,"2023-10-12 15:41:45",3,"PB1","SUCCESS",3
200,96,"CASH",428672,"2022-06-08 12:31:34",8,"PPN","SUCCESS",3
201,97,"QRIS",443642,"2023-10-13 08:07:29",8,"PPN","SUCCESS",3
202,75,"QRIS",212029,"2022-02-11 23:06:05",9,"PB1","CANCELED",1
203,56,"CASH",333594,"2022-01-31 17:10:04",3,"PPN","SUCCESS",5
204,79,"DEBIT",531997,"2023-07-14 12:28:47",10,"PB1","SUCCESS",5
205,73,"CREDIT",528995,"2022-08-18 17:16:36",5,"PPN","SUCCESS",5
206,31,"CASH",806785,"2023-04-13 10:52:43",5,"PPN","SUCCESS",3
207,50,"CASH",267534,"2022-08-04 12:59:21",6,"PB1","SUCCESS",5
208,39,"DEBIT",920246,"2023-01-14 00:47:25",5,"PPN","SUCCESS",1
209,100,"DEBIT",6351,"2022-11-16 07:10:24",3,"PB1","SUCCESS",5
210,38,"QRIS",10118,"2022-10-29 06:44:41",2,"PB1","SUCCESS",6
211,12,"CASH",949731,"2023-03-29 12:03:53",6,"PB1","CANCELED",4
212,37,"CASH",360807,"2023-10-08 09:47:04",6,"PPN","EXPIRED",1
213,80,"CREDIT",578423,"2023-09-20 19:30:55",4,"PB1","SUCCESS",3
214,7,"DEBIT",765902,"2022-01-25 13:12:26",2,"PPN","SUCCESS",3
215,37,"CASH",221588,"2023-04-12 22:23:34",3,"PPN","EXPIRED",5
216,11,"CREDIT",118497,"2022-01-14 08:45:56",4,"PPN","PENDING",6
217,64,"CREDIT",719977,"2023-04-03 23:45:56",4,"PPN","EXPIRED",5
218,16,"QRIS",806800,"2023-10-01 20:12:04",7,"PPN","SUCCESS",1
219,82,"DEBIT",340131,"2023-11-23 08:29:08",3,"PB1","SUCCESS",5
220,87,"CREDIT",249091,"2023-07-19 23:05:28",1,"PB1","SUCCESS",6
221,82,"DEBIT",136695,"2022-04-12 02:16:25",3,"PB1","EXPIRED",5
222,70,"DEBIT",43630,"2022-05-08 12:52:24",9,"PB1","SUCCESS",2
223,6,"DEBIT",412209,"2023-11-15 09:39:19",8,"PPN","FAILED",4
224,61,"DEBIT",232811,"2022-04-28 14:06:55",7,"PB1","SUCCESS",4
225,8,"QRIS",956338,"2022-03-25 12:39:02",1,"PPN","SUCCESS",2
226,50,"CASH",301633,"2023-07-18 23:37:55",1,"PPN","SUCCESS",5
227,57,"DEBIT",502911,"2023-01-05 21:27:42",9,"PPN","SUCCESS",5
228,81,"CASH",107229,"2023-07-31 20:35:22",4,"PB1","EXPIRED",3
229,11,"DEBIT",950034,"2023-01-29 10:00:46",3,"PPN","SUCCESS",5
230,32,"DEBIT",790380,"2023-10-22 17:52:23",3,"PB1","PENDING",2
231,25,"CREDIT",268783,"2022-10-07 01:38:14",7,"PPN","FAILED",2
232,13,"CASH",313429,"2022-04-04 02:47:27",4,"PPN","PENDING",4
233,77,"CASH",536263,"2022-09-05 22:54:41",7,"PPN","SUCCESS",6
234,94,"CREDIT",455465,"2022-01-14 01:31:27",2,"PB1","CANCELED",6
235,16,"CREDIT",334430,"2022-06-26 07:48:29",4,"PB1","SUCCESS",5
236,33,"QRIS",427347,"2022-12-28 23:14:16",7,"PB1","EXPIRED",3
237,51,"CREDIT",325746,"2022-09-15 17:57:54",9,"PB1","SUCCESS",4
238,54,"DEBIT",824876,"2022-09-25 10:10:25",7,"PB1","SUCCESS",1
239,26,"CREDIT",544447,"2022-09-09 05:36:44",6,"PPN","SUCCESS",4
240,39,"QRIS",670284,"2023-11-14 18:07:30",8,"PPN","SUCCESS",6
241,99,"CASH",322057,"2022-06-29 10:17:31",3,"PB1","SUCCESS",4
242,10,"QRIS",784685,"2022-11-03 10:38:07",5,"PPN","PENDING",5
243,60,"QRIS",47403,"2022-01-04 09:42:48",5,"PB1","SUCCESS",5
244,91,"QRIS",64008,"2022-03-12 19:40:05",10,"PPN","SUCCESS",4
245,82,"DEBIT",56375,"2023-01-31 02:47:06",5,"PPN","FAILED",5
246,49,"CREDIT",978280,"2023-07-27 19:49:40",3,"PPN","SUCCESS",1
247,37,"DEBIT",888417,"2023-06-09 22:57:45",6,"PPN","SUCCESS",5
248,95,"CREDIT",642651,"2022-07-27 18:29:31",3,"PPN","SUCCESS",5
249,56,"DEBIT",325457,"2023-01-19 16:07:41",6,"PB1","SUCCESS",1
250,30,"CREDIT",28527,"2023-04-24 16:31:26",5,"PB1","EXPIRED",5
251,99,"CREDIT",268157,"2023-08-19 17:27:43",5,"PB1","PENDING",1
252,12,"CREDIT",642481,"2023-08-18 18:23:43",8,"PB1","SUCCESS",1
253,12,"CREDIT",22163,"2023-07-22 13:45:02",10,"PPN","SUCCESS",1
254,31,"DEBIT",99880,"2023-08-28 20:25:41",2,"PB1","SUCCESS",6
255,78,"DEBIT",846261,"2023-09-02 03:56:17",6,"PB1","FAILED",1
256,15,"CASH",911488,"2022-05-03 18:11:49",5,"PPN","CANCELED",5
257,3,"DEBIT",923093,"2023-01-05 13:43:37",7,"PPN","SUCCESS",5
258,87,"QRIS",200766,"2022-01-06 08:38:04",3,"PB1","SUCCESS",5
259,72,"CASH",503721,"2023-05-25 23:06:06",1,"PPN","SUCCESS",4
260,61,"CASH",294009,"2022-09-10 08:09:47",8,"PPN","SUCCESS",4
261,87,"QRIS",525255,"2023-07-04 23:43:44",1,"PB1","PENDING",5
262,13,"CREDIT",296978,"2023-10-22 18:36:11",4,"PB1","EXPIRED",3
263,30,"CREDIT",764124,"2022-12-30 07:42:58",9,"PPN","SUCCESS",6
264,13,"CASH",167365,"2023-01-02 01:57:58",4,"PB1","SUCCESS",6
265,51,"QRIS",917929,"2023-04-18 07:48:18",1,"PB1","FAILED",4
266,14,"QRIS",86977,"2022-09-15 19:24:25",3,"PB1","SUCCESS",5
267,23,"CASH",937943,"2023-03-28 11:57:03",5,"PPN","SUCCESS",3
268,22,"CASH",938627,"2022-04-16 09:07:23",1,"PPN","SUCCESS",5
269,96,"QRIS",477439,"2022-07-31 06:22:49",1,"PPN","PENDING",3
270,54,"CASH",329072,"2022-11-30 08:46:26",4,"PPN","FAILED",5
271,27,"DEBIT",835071,"2022-01-17 12:34:12",6,"PB1","SUCCESS",4
272,53,"CREDIT",313859,"2022-07-16 10:26:31",5,"PB1","SUCCESS",1
273,56,"DEBIT",672657,"2023-10-10 02:24:05",4,"PPN","SUCCESS",5
274,22,"CASH",441055,"2023-09-06 15:40:03",7,"PPN","SUCCESS",3
275,33,"CREDIT",712658,"2022-12-30 10:03:41",7,"PB1","SUCCESS",5
276,38,"DEBIT",312183,"2022-01-30 01:32:28",1,"PPN","EXPIRED",3
277,91,"CASH",143111,"2022-12-29 03:18:41",5,"PPN","SUCCESS",5
278,65,"QRIS",884183,"2022-02-15 06:05:03",3,"PPN","CANCELED",6
279,87,"CREDIT",25983,"2023-04-16 10:08:21",7,"PB1","SUCCESS",4
280,52,"CASH",593277,"2023-01-08 13:37:43",6,"PPN","SUCCESS",5
281,53,"CASH",187328,"2022-06-26 22:45:50",5,"PB1","SUCCESS",6
282,69,"QRIS",898294,"2022-06-22 14:25:05",3,"PB1","SUCCESS",6
283,16,"CASH",715478,"2022-09-10 17:42:29",4,"PPN","SUCCESS",4
284,27,"QRIS",640250,"2022-06-02 07:57:51",1,"PB1","FAILED",1
285,11,"CASH",976043,"2023-04-02 23:23:11",10,"PB1","CANCELED",5
286,47,"CASH",37808,"2022-03-31 21:14:58",9,"PB1","SUCCESS",6
287,24,"DEBIT",831802,"2023-01-24 02:05:31",1,"PPN","SUCCESS",4
288,29,"DEBIT",988118,"2022-07-03 10:32:06",8,"PB1","SUCCESS",5
289,43,"DEBIT",479584,"2022-06-21 16:31:32",2,"PPN","SUCCESS",3
290,13,"QRIS",196546,"2023-08-26 14:53:16",8,"PB1","SUCCESS",4
291,76,"DEBIT",970473,"2022-10-19 07:17:45",10,"PPN","SUCCESS",4
292,96,"DEBIT",861032,"2022-03-04 02:50:21",8,"PB1","SUCCESS",1
293,23,"QRIS",63615,"2022-02-14 00:11:35",7,"PB1","SUCCESS",4
294,80,"CASH",703637,"2023-01-14 05:11:11",8,"PB1","SUCCESS",6
295,37,"CREDIT",11134,"2022-06-23 08:00:38",1,"PPN","EXPIRED",1
296,13,"CASH",127915,"2023-09-05 15:58:22",1,"PB1","SUCCESS",6
297,2,"QRIS",847321,"2022-12-25 22:35:14",8,"PPN","CANCELED",4
298,38,"CREDIT",22335,"2023-08-16 09:02:15",1,"PPN","SUCCESS",3
299,31,"CREDIT",329657,"2022-04-07 23:15:21",3,"PPN","SUCCESS",4
300,69,"CREDIT",838381,"2022-12-25 06:44:56",3,"PPN","SUCCESS",5
301,26,"QRIS",398326,"2023-04-24 01:19:31",5,"PB1","SUCCESS",5
302,37,"CREDIT",786524,"2023-07-09 09:28:58",9,"PPN","SUCCESS",5
303,56,"QRIS",476950,"2023-11-23 15:19:31",2,"PB1","SUCCESS",5
304,57,"DEBIT",258735,"2023-06-15 00:27:05",2,"PPN","CANCELED",4
305,23,"DEBIT",640861,"2022-09-13 06:05:12",3,"PPN","SUCCESS",6
306,56,"QRIS",409149,"2023-09-10 13:36:01",9,"PB1","SUCCESS",5
307,61,"CASH",818600,"2023-01-29 16:14:46",1,"PPN","EXPIRED",4
308,28,"DEBIT",149577,"2023-05-30 19:40:22",2,"PPN","SUCCESS",3
309,22,"CASH",772086,"2023-01-15 04:21:35",1,"PB1","SUCCESS",3
310,65,"CASH",217213,"2022-04-14 18:31:45",9,"PPN","SUCCESS",5
311,35,"DEBIT",645693,"2023-09-16 06:38:22",8,"PB1","SUCCESS",1
312,6,"CREDIT",971886,"2023-09-07 14:06:36",4,"PB1","SUCCESS",5
313,12,"CASH",970520,"2022-08-08 04:32:17",10,"PPN","SUCCESS",5
314,42,"CASH",186376,"2022-06-02 01:09:17",6,"PPN","SUCCESS",5
315,100,"CASH",624379,"2023-09-12 06:37:54",2,"PB1","PENDING",2
316,82,"CASH",437515,"2023-07-13 08:43:17",2,"PPN","CANCELED",5
317,4,"DEBIT",926742,"2023-01-22 18:16:00",4,"PPN","SUCCESS",6
318,100,"CREDIT",460548,"2022-04-05 05:17:19",2,"PPN","SUCCESS",6
319,89,"DEBIT",877166,"2023-07-05 16:50:34",3,"PB1","FAILED",5
320,44,"QRIS",322580,"2023-06-10 14:12:52",7,"PPN","SUCCESS",4
321,74,"QRIS",53159,"2022-11-23 19:10:35",8,"PPN","SUCCESS",6
322,71,"CREDIT",217131,"2023-11-18 14:06:15",8,"PB1","SUCCESS",5
323,71,"CREDIT",189599,"2022-09-06 20:39:21",4,"PPN","FAILED",5
324,47,"DEBIT",245143,"2023-11-15 01:28:24",8,"PPN","SUCCESS",3
325,85,"CREDIT",780083,"2023-05-14 19:07:54",6,"PPN","SUCCESS",4
326,15,"QRIS",1374,"2023-05-13 08:22:35",6,"PB1","SUCCESS",4
327,11,"CASH",141313,"2023-07-18 01:27:00",9,"PB1","SUCCESS",5
328,47,"CASH",364769,"2023-08-03 13:51:16",7,"PB1","SUCCESS",5
329,93,"DEBIT",135200,"2022-03-16 13:41:22",6,"PPN","SUCCESS",6
330,19,"QRIS",956759,"2022-04-26 17:08:02",6,"PPN","PENDING",6
331,83,"CREDIT",807619,"2022-07-16 14:27:48",2,"PPN","SUCCESS",4
332,82,"QRIS",456941,"2022-12-29 23:43:12",10,"PPN","SUCCESS",5
333,72,"QRIS",726083,"2022-11-27 09:11:12",7,"PB1","SUCCESS",5
334,85,"QRIS",20503,"2022-04-11 00:20:00",10,"PB1","SUCCESS",5
335,28,"CASH",369651,"2023-05-06 09:19:03",4,"PPN","SUCCESS",5
336,18,"QRIS",276857,"2022-07-14 17:31:29",9,"PB1","EXPIRED",5
337,46,"CASH",427268,"2023-09-12 20:55:28",3,"PB1","SUCCESS",5
338,75,"QRIS",820606,"2023-03-09 00:54:53",4,"PPN","SUCCESS",3
339,20,"CREDIT",105890,"2023-02-06 10:51:45",4,"PPN","SUCCESS",5
340,79,"QRIS",818557,"2022-08-28 07:10:31",4,"PPN","SUCCESS",6
341,58,"CASH",711371,"2022-09-25 12:51:08",6,"PPN","SUCCESS",3
342,16,"CASH",891181,"2022-04-23 03:10:23",5,"PPN","SUCCESS",5
343,84,"QRIS",606567,"2023-10-03 10:03:57",6,"PB1","SUCCESS",6
344,80,"CASH",770333,"2022-05-05 03:16:39",5,"PPN","EXPIRED",5
345,72,"DEBIT",355933,"2022-07-07 08:22:32",3,"PB1","SUCCESS",1
346,67,"DEBIT",588525,"2022-08-10 03:50:31",2,"PB1","SUCCESS",6
347,85,"CREDIT",916723,"2023-06-19 11:10:46",7,"PPN","SUCCESS",6
348,93,"CASH",653687,"2022-03-05 20:00:32",4,"PB1","CANCELED",1
349,94,"DEBIT",288757,"2022-03-22 04:52:45",10,"PPN","SUCCESS",3
350,77,"QRIS",620758,"2023-09-23 04:48:59",7,"PPN","SUCCESS",6
351,4,"CREDIT",971344,"2022-09-04 15:05:16",3,"PPN","SUCCESS",6
352,77,"DEBIT",603327,"2022-11-28 06:58:12",1,"PPN","SUCCESS",4
353,74,"CASH",784640,"2022-04-11 05:20:39",7,"PB1","SUCCESS",1
354,18,"CASH",178295,"2022-02-13 18:37:37",4,"PB1","SUCCESS",5
355,73,"DEBIT",451935,"2022-10-17 11:16:09",5,"PPN","SUCCESS",5
356,72,"CASH",522868,"2022-02-12 22:01:57",6,"PPN","EXPIRED",5
357,9,"QRIS",827946,"2022-11-16 15:25:31",2,"PPN","CANCELED",6
358,19,"QRIS",135298,"2023-02-06 00:11:53",9,"PB1","SUCCESS",3
359,21,"QRIS",853540,"2023-04-03 05:11:44",10,"PB1","FAILED",5
360,71,"QRIS",287981,"2023-04-25 13:33:55",10,"PPN","SUCCESS",6
361,81,"CASH",342787,"2023-09-29 04:28:48",2,"PB1","EXPIRED",5
362,99,"CASH",209401,"2022-01-10 04:36:41",8,"PPN","SUCCESS",1
363,93,"QRIS",937758,"2023-06-10 03:29:35",8,"PB1","SUCCESS",5
364,87,"CASH",85505,"2022-01-21 12:16:05",4,"PPN","SUCCESS",5
365,59,"QRIS",149801,"2023-10-11 04:40:21",7,"PB1","FAILED",3
366,61,"QRIS",192843,"2022-11-05 02:46:51",4,"PPN","SUCCESS",4
367,46,"CASH",144987,"2023-02-18 08:52:24",3,"PPN","SUCCESS",6
368,71,"CASH",571405,"2023-07-24 20:19:58",2,"PB1","SUCCESS",3
369,29,"DEBIT",315342,"2022-01-12 07:31:02",6,"PPN","SUCCESS",5
370,66,"CREDIT",429917,"2023-11-26 12:58:25",5,"PB1","SUCCESS",3
371,4,"CREDIT",677795,"2023-10-12 08:17:27",6,"PB1","EXPIRED",6
372,88,"QRIS",292028,"2022-08-04 07:12:09",7,"PB1","SUCCESS",6
373,82,"QRIS",52965,"2023-06-09 13:24:31",10,"PB1","SUCCESS",4
374,10,"QRIS",327750,"2022-06-07 21:12:31",4,"PB1","SUCCESS",4
375,5,"QRIS",695930,"2023-05-20 05:39:30",2,"PPN","CANCELED",2
376,45,"DEBIT",712050,"2023-01-08 09:08:15",6,"PPN","EXPIRED",5
377,53,"QRIS",856357,"2023-08-21 13:47:28",2,"PPN","SUCCESS",6
378,61,"DEBIT",931981,"2023-02-08 02:59:04",7,"PPN","FAILED",6
379,39,"QRIS",520935,"2023-10-24 17:15:15",3,"PPN","SUCCESS",5
380,63,"CREDIT",647363,"2022-05-12 06:10:41",4,"PPN","CANCELED",4
381,80,"CASH",556210,"2023-04-18 08:04:01",3,"PB1","SUCCESS",5
382,70,"CREDIT",483948,"2022-06-14 15:48:10",7,"PB1","SUCCESS",3
383,95,"QRIS",327807,"2023-03-18 02:02:31",6,"PPN","SUCCESS",5
384,48,"CASH",482672,"2023-01-14 16:17:40",9,"PPN","SUCCESS",4
385,99,"CASH",793141,"2023-08-05 18:17:44",2,"PB1","SUCCESS",3
386,39,"QRIS",93779,"2023-04-18 04:37:27",9,"PPN","SUCCESS",5
387,40,"CASH",792356,"2023-03-23 18:44:39",1,"PB1","PENDING",5
388,5,"QRIS",530683,"2023-08-13 17:47:33",3,"PPN","EXPIRED",1
389,57,"DEBIT",699167,"2022-06-04 02:34:45",3,"PB1","SUCCESS",3
390,17,"QRIS",823923,"2023-11-15 06:47:51",3,"PPN","SUCCESS",5
391,50,"DEBIT",705418,"2023-02-19 05:19:38",2,"PB1","SUCCESS",5
392,47,"CREDIT",117116,"2022-03-03 09:07:25",7,"PB1","SUCCESS",3
393,12,"QRIS",209361,"2023-05-28 19:47:31",3,"PB1","SUCCESS",4
394,58,"CASH",792133,"2023-09-25 01:29:11",10,"PPN","CANCELED",4
395,4,"QRIS",218164,"2022-12-10 22:01:12",5,"PB1","SUCCESS",5
396,88,"CREDIT",122254,"2023-02-04 23:03:30",9,"PB1","SUCCESS",5
397,34,"QRIS",131934,"2023-04-02 03:59:42",2,"PB1","SUCCESS",6
398,49,"QRIS",986099,"2023-11-21 12:55:55",8,"PB1","CANCELED",5
399,75,"QRIS",830090,"2022-11-01 03:03:48",4,"PPN","SUCCESS",2
400,8,"QRIS",709897,"2022-10-13 17:08:59",2,"PPN","FAILED",4
401,65,"CREDIT",339874,"2023-01-13 12:12:32",9,"PB1","SUCCESS",5
402,9,"QRIS",769892,"2022-12-20 18:00:55",4,"PPN","SUCCESS",2
403,73,"CASH",360415,"2022-06-09 06:35:20",7,"PPN","SUCCESS",2
404,97,"QRIS",228638,"2022-04-02 01:16:59",9,"PB1","SUCCESS",5
405,90,"DEBIT",473118,"2022-09-01 20:10:19",1,"PPN","SUCCESS",4
406,16,"CREDIT",456690,"2023-11-18 14:30:40",8,"PB1","SUCCESS",1
407,70,"DEBIT",490796,"2022-10-22 21:35:54",2,"PPN","SUCCESS",3
408,39,"CREDIT",112398,"2023-01-15 02:24:34",9,"PPN","SUCCESS",1
409,20,"CASH",943686,"2022-12-04 04:08:17",8,"PB1","SUCCESS",4
410,94,"QRIS",688404,"2022-06-19 04:02:35",6,"PB1","SUCCESS",5
411,33,"CREDIT",926554,"2022-11-24 08:39:11",9,"PB1","SUCCESS",1
412,69,"DEBIT",986485,"2023-06-28 22:34:59",7,"PPN","PENDING",5
413,47,"CASH",141701,"2022-06-26 03:37:29",7,"PB1","PENDING",6
414,7,"CREDIT",523423,"2023-08-18 17:04:30",2,"PB1","CANCELED",5
415,49,"CASH",5442,"2022-08-08 13:52:10",3,"PPN","EXPIRED",4
416,64,"CREDIT",259848,"2023-07-18 17:42:59",4,"PPN","SUCCESS",4
417,95,"CASH",490595,"2023-01-15 06:25:53",3,"PB1","SUCCESS",4
418,67,"CREDIT",260713,"2023-03-09 16:23:09",1,"PPN","FAILED",1
419,49,"QRIS",169505,"2022-04-06 14:59:30",3,"PPN","SUCCESS",3
420,27,"QRIS",274967,"2023-03-28 01:51:58",9,"PB1","SUCCESS",2
421,23,"DEBIT",254101,"2023-06-20 03:07:59",2,"PB1","PENDING",5
422,43,"CREDIT",670637,"2022-03-25 13:43:03",7,"PB1","SUCCESS",3
423,63,"CASH",676590,"2022-01-19 12:10:42",3,"PPN","SUCCESS",5
424,19,"DEBIT",232099,"2023-07-15 19:25:23",1,"PPN","SUCCESS",1
425,30,"CASH",686968,"2023-11-18 06:17:41",3,"PPN","SUCCESS",4
426,97,"CREDIT",615860,"2022-11-17 01:53:22",7,"PB1","SUCCESS",4
427,3,"DEBIT",629421,"2022-01-22 20:40:05",6,"PPN","SUCCESS",4
428,33,"QRIS",221633,"2022-01-31 01:18:23",6,"PPN","SUCCESS",4
429,62,"CASH",618795,"2023-05-18 15:47:41",1,"PB1","SUCCESS",4
430,66,"CREDIT",763267,"2023-01-11 16:21:39",7,"PB1","FAILED",4
431,3,"CREDIT",772584,"2022-12-07 03:41:21",6,"PPN","SUCCESS",6
432,84,"QRIS",188508,"2022-06-24 19:46:27",1,"PB1","FAILED",6
433,92,"DEBIT",977888,"2023-10-21 09:32:15",1,"PPN","SUCCESS",4
434,50,"DEBIT",416957,"2022-03-02 18:00:30",5,"PB1","SUCCESS",4
435,78,"CASH",64404,"2022-04-18 17:06:46",3,"PPN","SUCCESS",5
436,94,"QRIS",380579,"2023-06-23 19:12:59",3,"PPN","SUCCESS",6
437,9,"CREDIT",476598,"2023-08-20 15:18:16",7,"PB1","PENDING",5
438,32,"CREDIT",7588,"2022-08-16 17:53:23",1,"PPN","SUCCESS",5
439,12,"CASH",9055,"2022-06-14 19:39:18",10,"PB1","SUCCESS",2
440,12,"QRIS",487827,"2023-05-27 11:56:42",6,"PPN","SUCCESS",3
441,84,"CREDIT",11984,"2023-01-04 15:11:32",10,"PPN","PENDING",5
442,97,"CASH",697615,"2022-03-24 05:52:39",1,"PPN","CANCELED",5
443,63,"QRIS",137925,"2022-06-04 07:06:15",6,"PB1","CANCELED",4
444,8,"DEBIT",446822,"2023-07-15 19:22:12",5,"PB1","CANCELED",6
445,78,"DEBIT",921904,"2022-10-18 15:20:39",5,"PB1","SUCCESS",4
446,38,"DEBIT",764408,"2022-09-03 08:27:29",8,"PPN","FAILED",4
447,49,"QRIS",740966,"2022-07-13 23:41:29",8,"PPN","FAILED",5
448,98,"QRIS",815388,"2022-06-07 14:35:32",10,"PB1","SUCCESS",3
449,43,"DEBIT",655545,"2022-06-24 08:15:15",10,"PPN","SUCCESS",6
450,87,"DEBIT",978811,"2022-08-25 09:20:07",2,"PPN","SUCCESS",6
451,26,"CREDIT",109525,"2023-05-04 02:54:34",9,"PB1","FAILED",6
452,94,"DEBIT",800764,"2022-07-13 13:00:55",7,"PPN","SUCCESS",4
453,9,"CREDIT",704659,"2023-06-27 00:51:11",4,"PPN","SUCCESS",6
454,57,"CREDIT",17958,"2022-07-11 00:28:34",8,"PB1","SUCCESS",1
455,86,"CASH",50719,"2023-04-25 04:07:23",6,"PB1","SUCCESS",4
456,21,"DEBIT",115166,"2022-09-23 01:07:40",10,"PB1","EXPIRED",5
457,80,"QRIS",389807,"2022-01-11 10:01:59",2,"PB1","SUCCESS",5
458,53,"QRIS",444684,"2023-01-14 17:54:19",1,"PPN","FAILED",6
459,22,"DEBIT",530878,"2023-10-15 04:14:49",4,"PB1","SUCCESS",3
460,52,"CASH",796333,"2023-01-28 00:54:48",2,"PB1","SUCCESS",1
461,91,"DEBIT",190351,"2022-04-22 18:26:51",7,"PPN","SUCCESS",3
462,91,"CREDIT",702412,"2022-12-27 14:43:33",7,"PPN","SUCCESS",1
463,4,"CREDIT",722387,"2022-12-15 17:06:31",5,"PB1","SUCCESS",6
464,39,"QRIS",592576,"2022-05-29 21:19:59",6,"PB1","SUCCESS",6
465,22,"QRIS",576294,"2023-02-06 19:04:16",5,"PB1","SUCCESS",4
466,49,"CREDIT",587476,"2022-11-17 16:18:16",4,"PB1","SUCCESS",1
467,82,"CREDIT",790498,"2023-04-27 17:05:47",10,"PB1","SUCCESS",5
468,23,"CREDIT",188371,"2022-05-17 17:22:36",2,"PB1","CANCELED",6
469,77,"QRIS",241001,"2022-09-25 09:20:26",3,"PPN","SUCCESS",1
470,89,"CASH",321731,"2023-04-24 11:23:33",4,"PB1","SUCCESS",5
471,63,"DEBIT",968950,"2023-01-16 04:38:48",6,"PPN","SUCCESS",5
472,33,"DEBIT",12260,"2023-01-10 20:19:34",10,"PPN","SUCCESS",5
473,54,"CREDIT",924101,"2023-05-16 20:20:41",3,"PB1","SUCCESS",6
474,45,"CREDIT",735317,"2022-07-17 03:44:06",8,"PB1","SUCCESS",1
475,96,"CASH",954670,"2022-02-07 12:52:43",8,"PPN","SUCCESS",4
476,9,"QRIS",628298,"2022-02-24 00:14:58",8,"PPN","SUCCESS",5
477,53,"CREDIT",476225,"2023-09-14 20:19:38",9,"PB1","SUCCESS",6
478,33,"QRIS",482934,"2023-04-11 10:39:09",4,"PB1","SUCCESS",5
479,89,"CREDIT",337854,"2022-05-26 02:16:11",7,"PPN","SUCCESS",3
480,10,"CASH",738936,"2022-08-02 03:26:42",9,"PPN","SUCCESS",6
481,72,"CREDIT",338292,"2022-06-30 20:06:38",10,"PPN","SUCCESS",5
482,62,"CREDIT",902398,"2023-05-08 11:47:49",7,"PPN","SUCCESS",3
483,32,"CREDIT",385620,"2022-01-24 01:41:37",2,"PPN","SUCCESS",4
484,75,"QRIS",279303,"2023-03-16 13:03:36",7,"PB1","SUCCESS",5
485,30,"CASH",808701,"2022-02-28 03:43:49",5,"PPN","SUCCESS",5
486,90,"CASH",239929,"2022-05-02 01:54:33",4,"PB1","SUCCESS",3
487,71,"CREDIT",466066,"2023-10-26 17:12:22",1,"PB1","SUCCESS",6
488,55,"CREDIT",111633,"2022-01-04 09:03:41",3,"PB1","SUCCESS",5
489,26,"DEBIT",563534,"2022-01-14 14:56:36",6,"PB1","SUCCESS",5
490,96,"DEBIT",102753,"2023-06-08 10:37:03",1,"PPN","PENDING",2
491,90,"QRIS",809626,"2023-11-25 22:50:39",5,"PB1","SUCCESS",4
492,100,"DEBIT",126177,"2022-01-24 03:15:45",7,"PB1","FAILED",3
493,6,"CASH",572634,"2022-07-14 03:04:45",5,"PPN","SUCCESS",2
494,31,"DEBIT",36103,"2022-12-14 10:44:12",6,"PPN","SUCCESS",6
495,76,"CASH",63265,"2022-06-27 08:26:51",7,"PB1","PENDING",3
496,93,"DEBIT",969104,"2023-11-02 03:25:51",9,"PB1","FAILED",6
497,83,"CREDIT",525211,"2022-11-25 11:09:03",3,"PB1","FAILED",4
498,46,"DEBIT",734797,"2022-10-13 09:23:36",3,"PB1","SUCCESS",5
499,95,"QRIS",503480,"2023-10-23 13:55:09",7,"PPN","SUCCESS",4
500,77,"QRIS",605546,"2022-08-27 00:33:32",6,"PB1","EXPIRED",5
501,96,"DEBIT",880585,"2022-12-12 21:10:58",3,"PPN","SUCCESS",1
502,98,"DEBIT",722974,"2023-11-06 08:46:33",7,"PB1","PENDING",3
503,23,"DEBIT",770654,"2022-07-02 21:08:24",6,"PPN","SUCCESS",6
504,44,"CREDIT",971599,"2022-01-20 05:38:41",8,"PB1","EXPIRED",4
505,84,"DEBIT",110936,"2022-09-23 23:38:10",7,"PPN","SUCCESS",4
506,72,"CREDIT",133322,"2022-11-14 17:16:14",8,"PB1","SUCCESS",1
507,18,"QRIS",409026,"2022-06-19 21:31:35",4,"PB1","SUCCESS",1
508,49,"DEBIT",832570,"2023-06-08 22:31:15",9,"PB1","SUCCESS",3
509,11,"QRIS",436094,"2022-09-06 00:35:05",9,"PB1","CANCELED",6
510,77,"DEBIT",527344,"2022-08-03 21:16:04",3,"PPN","PENDING",5
511,74,"CASH",766849,"2022-03-30 07:27:57",2,"PB1","SUCCESS",5
512,27,"CREDIT",431473,"2022-09-29 15:12:28",4,"PB1","EXPIRED",2
513,32,"DEBIT",71068,"2022-07-13 03:15:45",7,"PPN","CANCELED",3
514,70,"DEBIT",983842,"2023-05-23 03:33:24",1,"PB1","SUCCESS",6
515,43,"CREDIT",35494,"2023-05-09 02:03:19",3,"PPN","SUCCESS",5
516,34,"CASH",839641,"2023-05-09 00:47:00",5,"PB1","SUCCESS",3
517,82,"CASH",151646,"2023-03-16 09:27:51",5,"PPN","SUCCESS",5
518,99,"CASH",104015,"2022-02-07 19:11:20",3,"PB1","SUCCESS",3
519,29,"DEBIT",40572,"2023-10-02 04:37:03",3,"PB1","SUCCESS",6
520,88,"CASH",928198,"2023-01-01 02:51:25",7,"PPN","FAILED",3
521,34,"CASH",968276,"2022-12-18 05:44:18",5,"PPN","SUCCESS",3
522,73,"CREDIT",448703,"2022-12-31 22:11:23",2,"PPN","SUCCESS",3
523,17,"QRIS",766742,"2022-09-22 19:15:54",7,"PPN","SUCCESS",2
524,75,"DEBIT",36384,"2022-03-04 13:36:40",9,"PPN","SUCCESS",4
525,8,"CASH",325822,"2023-07-04 07:58:30",10,"PPN","CANCELED",5
526,43,"CASH",751630,"2022-10-28 13:35:35",7,"PPN","FAILED",6
527,14,"DEBIT",475401,"2023-06-30 20:09:13",3,"PB1","SUCCESS",5
528,68,"DEBIT",936757,"2022-11-21 14:01:51",9,"PB1","SUCCESS",2
529,61,"DEBIT",105680,"2022-02-17 14:01:47",9,"PPN","SUCCESS",5
530,78,"DEBIT",433906,"2022-03-21 11:36:46",5,"PPN","SUCCESS",3
531,64,"CREDIT",452305,"2023-09-14 03:23:38",10,"PPN","SUCCESS",5
532,25,"CREDIT",480963,"2022-10-05 04:12:54",3,"PB1","SUCCESS",3
533,92,"CASH",778564,"2022-02-24 09:55:57",5,"PPN","SUCCESS",6
534,6,"CREDIT",514931,"2022-07-28 00:30:54",10,"PPN","SUCCESS",5
535,95,"QRIS",322890,"2022-12-31 16:07:48",3,"PPN","SUCCESS",2
536,1,"DEBIT",334530,"2022-04-28 19:21:56",6,"PB1","SUCCESS",5
537,50,"CREDIT",893421,"2022-01-04 23:59:12",2,"PPN","FAILED",5
538,54,"CREDIT",880397,"2023-09-15 07:22:23",4,"PPN","SUCCESS",5
539,70,"DEBIT",453603,"2022-03-06 04:34:52",8,"PB1","SUCCESS",2
540,34,"QRIS",164300,"2022-08-12 00:06:12",2,"PPN","SUCCESS",5
541,58,"DEBIT",572444,"2022-02-13 13:04:31",9,"PB1","SUCCESS",5
542,100,"CASH",171762,"2022-12-23 11:09:40",3,"PB1","EXPIRED",4
543,55,"QRIS",540452,"2023-01-14 22:52:21",4,"PPN","SUCCESS",4
544,56,"CASH",629711,"2023-05-14 14:55:37",2,"PB1","EXPIRED",4
545,85,"DEBIT",413508,"2023-09-02 14:23:26",6,"PB1","SUCCESS",1
546,65,"CASH",850497,"2023-07-03 08:33:39",10,"PPN","SUCCESS",6
547,64,"CASH",286303,"2022-04-11 18:57:33",10,"PB1","SUCCESS",5
548,48,"DEBIT",548540,"2022-09-14 15:06:22",7,"PB1","SUCCESS",2
549,95,"CREDIT",904967,"2022-01-01 13:08:24",4,"PB1","CANCELED",3
550,12,"CASH",992355,"2022-09-09 22:12:07",8,"PB1","SUCCESS",6
551,6,"CREDIT",624836,"2023-06-24 17:22:43",6,"PB1","SUCCESS",5
552,30,"CASH",986562,"2023-10-06 05:55:51",6,"PB1","SUCCESS",3
553,42,"CASH",496496,"2022-10-04 03:46:05",6,"PPN","SUCCESS",4
554,76,"CASH",207126,"2023-09-20 06:19:46",6,"PPN","SUCCESS",2
555,55,"CASH",449251,"2022-05-03 19:55:18",1,"PB1","EXPIRED",4
556,31,"QRIS",653319,"2023-10-24 23:46:05",5,"PPN","SUCCESS",4
557,87,"DEBIT",825877,"2023-09-28 18:13:22",4,"PPN","SUCCESS",6
558,60,"DEBIT",977615,"2022-09-18 04:37:15",1,"PPN","SUCCESS",5
559,82,"DEBIT",650529,"2023-01-10 23:22:17",2,"PB1","SUCCESS",5
560,38,"QRIS",548597,"2023-08-31 06:51:30",1,"PPN","FAILED",6
561,59,"QRIS",486281,"2022-12-15 01:39:27",1,"PB1","SUCCESS",3
562,40,"DEBIT",210763,"2023-03-16 15:38:22",9,"PPN","CANCELED",2
563,44,"CASH",625587,"2022-02-10 05:09:45",10,"PPN","SUCCESS",6
564,16,"DEBIT",836604,"2023-07-13 23:51:53",9,"PPN","SUCCESS",6
565,63,"QRIS",591927,"2023-03-28 04:48:45",1,"PB1","SUCCESS",1
566,92,"QRIS",422769,"2023-06-21 03:01:11",5,"PPN","SUCCESS",3
567,41,"CREDIT",39516,"2022-07-23 11:26:22",4,"PPN","FAILED",6
568,43,"DEBIT",413878,"2022-02-28 11:37:55",5,"PB1","EXPIRED",3
569,49,"DEBIT",271848,"2022-03-02 17:05:18",1,"PPN","SUCCESS",5
570,80,"CASH",538753,"2023-02-14 07:28:54",3,"PPN","SUCCESS",2
571,35,"DEBIT",749203,"2023-08-30 09:26:31",2,"PB1","CANCELED",5
572,72,"CASH",355986,"2022-04-13 16:10:58",9,"PPN","PENDING",6
573,1,"DEBIT",922131,"2022-12-12 09:21:42",7,"PPN","SUCCESS",5
574,28,"DEBIT",283561,"2022-01-01 08:34:12",4,"PB1","SUCCESS",5
575,5,"DEBIT",487552,"2022-08-30 10:17:46",6,"PPN","SUCCESS",4
576,89,"QRIS",40759,"2022-02-15 08:22:40",9,"PB1","SUCCESS",1
577,98,"DEBIT",212856,"2022-05-03 14:55:13",1,"PPN","CANCELED",5
578,83,"QRIS",7465,"2023-09-24 14:34:05",10,"PB1","SUCCESS",1
579,33,"CASH",125064,"2022-08-09 19:19:01",8,"PPN","SUCCESS",5
580,46,"CASH",886588,"2023-01-24 02:39:24",5,"PPN","SUCCESS",4
581,11,"CREDIT",847737,"2022-01-23 16:05:31",7,"PB1","SUCCESS",6
582,86,"QRIS",443506,"2022-11-14 15:50:55",4,"PPN","SUCCESS",5
583,51,"CASH",352319,"2023-11-06 21:31:27",10,"PPN","CANCELED",3
584,3,"CREDIT",157154,"2023-06-19 17:48:51",6,"PPN","SUCCESS",4
585,76,"QRIS",750253,"2023-07-29 18:03:37",3,"PPN","SUCCESS",3
586,45,"DEBIT",164829,"2022-07-24 01:53:33",4,"PB1","SUCCESS",5
587,94,"QRIS",3036,"2022-07-28 07:29:14",8,"PB1","CANCELED",5
588,62,"QRIS",728134,"2022-03-23 05:23:27",3,"PB1","SUCCESS",6
589,62,"DEBIT",539540,"2023-05-20 04:34:16",6,"PPN","SUCCESS",6
590,3,"CREDIT",563188,"2022-11-08 12:15:36",9,"PPN","EXPIRED",6
591,13,"DEBIT",543472,"2023-07-13 22:06:12",5,"PB1","SUCCESS",3
592,29,"QRIS",951735,"2023-05-15 18:00:24",10,"PB1","SUCCESS",3
593,25,"CASH",820433,"2023-10-24 20:45:26",9,"PPN","SUCCESS",5
594,51,"CREDIT",537459,"2022-08-14 11:58:55",4,"PB1","EXPIRED",4
595,9,"CASH",950939,"2023-04-28 04:51:41",8,"PB1","CANCELED",2
596,75,"CASH",584930,"2022-01-01 17:54:56",7,"PB1","SUCCESS",4
597,98,"QRIS",194896,"2023-03-19 21:31:32",4,"PB1","SUCCESS",1
598,30,"DEBIT",76329,"2022-03-06 06:01:48",4,"PB1","SUCCESS",5
599,82,"DEBIT",260045,"2023-08-21 08:48:59",7,"PPN","CANCELED",4
600,83,"CASH",793930,"2023-11-15 03:33:21",9,"PB1","CANCELED",6
601,44,"QRIS",360077,"2023-10-01 00:37:42",4,"PB1","SUCCESS",5
602,51,"DEBIT",759778,"2022-02-12 13:13:03",3,"PPN","SUCCESS",5
603,22,"CASH",404737,"2022-11-03 07:41:23",6,"PPN","SUCCESS",5
604,66,"QRIS",435301,"2022-10-03 01:46:56",1,"PB1","SUCCESS",1
605,50,"CASH",664463,"2022-03-16 18:38:34",6,"PB1","SUCCESS",1
606,13,"CREDIT",611645,"2023-09-16 21:03:38",2,"PPN","SUCCESS",3
607,36,"CREDIT",775268,"2022-07-06 08:29:31",9,"PPN","SUCCESS",5
608,53,"DEBIT",252394,"2023-10-21 10:43:48",8,"PPN","SUCCESS",1
609,38,"DEBIT",417690,"2022-01-31 14:30:23",6,"PPN","SUCCESS",5
610,20,"QRIS",620477,"2023-04-19 16:36:21",5,"PPN","SUCCESS",5
611,23,"CREDIT",921870,"2023-07-24 21:26:20",3,"PPN","SUCCESS",5
612,64,"CASH",49213,"2022-10-09 20:40:23",1,"PPN","SUCCESS",4
613,8,"DEBIT",591940,"2023-05-25 17:43:19",3,"PPN","SUCCESS",4
614,60,"QRIS",584823,"2022-01-22 22:23:16",10,"PPN","SUCCESS",6
615,29,"QRIS",500725,"2022-11-19 09:55:31",4,"PPN","SUCCESS",4
616,8,"QRIS",559977,"2023-04-28 20:47:25",8,"PB1","SUCCESS",3
617,91,"CREDIT",103884,"2022-10-09 00:48:44",1,"PPN","SUCCESS",3
618,20,"CREDIT",525113,"2023-08-04 16:32:38",10,"PPN","EXPIRED",5
619,97,"CASH",377820,"2022-12-15 18:45:42",6,"PPN","SUCCESS",5
620,41,"DEBIT",286369,"2022-12-10 18:02:59",5,"PB1","SUCCESS",5
621,74,"CASH",541750,"2023-04-27 04:10:42",10,"PB1","EXPIRED",4
622,79,"DEBIT",408964,"2023-04-16 06:35:30",10,"PPN","SUCCESS",5
623,43,"QRIS",314109,"2023-08-25 12:05:01",4,"PPN","SUCCESS",4
624,26,"QRIS",792222,"2022-06-20 23:28:04",10,"PPN","PENDING",4
625,96,"CREDIT",911994,"2023-01-28 17:38:17",7,"PB1","SUCCESS",6
626,94,"DEBIT",902383,"2022-05-23 00:53:55",6,"PPN","SUCCESS",3
627,34,"DEBIT",571213,"2023-06-08 17:57:06",3,"PPN","SUCCESS",4
628,47,"QRIS",45845,"2023-04-08 18:09:46",9,"PB1","CANCELED",5
629,71,"CREDIT",537366,"2022-09-16 04:31:11",1,"PPN","SUCCESS",4
630,20,"CREDIT",844699,"2023-06-06 13:53:08",3,"PPN","SUCCESS",5
631,71,"QRIS",273459,"2023-02-25 11:20:37",3,"PPN","CANCELED",6
632,16,"CASH",634706,"2023-09-05 03:16:41",4,"PPN","SUCCESS",2
633,43,"QRIS",231759,"2023-06-07 19:26:25",3,"PB1","SUCCESS",3
634,68,"CREDIT",3131,"2023-09-22 06:10:58",2,"PPN","SUCCESS",5
635,2,"QRIS",122938,"2022-03-05 09:20:18",6,"PPN","SUCCESS",5
636,60,"DEBIT",842710,"2023-03-30 06:00:35",4,"PPN","SUCCESS",6
637,10,"CASH",794833,"2022-07-27 20:42:12",2,"PPN","SUCCESS",1
638,21,"CREDIT",658817,"2023-05-09 02:57:38",6,"PPN","SUCCESS",3
639,43,"QRIS",444256,"2023-03-12 06:09:28",3,"PPN","SUCCESS",5
640,92,"QRIS",91213,"2023-06-08 03:58:52",4,"PPN","SUCCESS",5
641,93,"QRIS",477683,"2022-01-16 01:40:06",4,"PB1","SUCCESS",6
642,61,"CREDIT",696330,"2023-08-08 10:05:09",10,"PPN","SUCCESS",4
643,54,"DEBIT",857400,"2022-02-22 03:58:23",3,"PPN","SUCCESS",1
644,22,"QRIS",843045,"2022-02-20 16:55:12",6,"PPN","SUCCESS",5
645,41,"DEBIT",603346,"2023-05-22 11:14:35",2,"PB1","SUCCESS",4
646,69,"QRIS",426100,"2023-09-20 19:17:01",3,"PPN","SUCCESS",5
647,93,"CASH",596694,"2022-04-14 02:56:06",4,"PB1","SUCCESS",1
648,42,"QRIS",341484,"2022-03-24 00:42:31",1,"PB1","EXPIRED",6
649,72,"CREDIT",719703,"2022-03-02 22:54:58",2,"PB1","SUCCESS",5
650,19,"QRIS",246589,"2022-12-20 12:35:50",8,"PPN","SUCCESS",4
651,32,"DEBIT",799359,"2022-08-31 02:42:10",8,"PPN","SUCCESS",4
652,20,"DEBIT",158537,"2022-12-12 18:43:38",5,"PB1","SUCCESS",4
653,61,"CREDIT",353302,"2022-01-31 20:28:17",5,"PPN","CANCELED",3
654,27,"DEBIT",366484,"2023-07-13 10:04:02",8,"PB1","SUCCESS",3
655,82,"QRIS",982439,"2023-06-02 06:02:30",1,"PPN","SUCCESS",3
656,29,"QRIS",428425,"2023-08-09 20:04:30",2,"PB1","SUCCESS",4
657,61,"CREDIT",35255,"2023-11-22 22:15:19",5,"PB1","SUCCESS",6
658,5,"QRIS",963734,"2023-06-24 22:32:16",1,"PB1","SUCCESS",5
659,89,"DEBIT",627757,"2023-04-30 02:38:34",8,"PB1","SUCCESS",6
660,90,"CREDIT",269536,"2022-06-19 15:35:40",8,"PB1","SUCCESS",6
661,88,"CASH",561661,"2022-06-17 15:10:23",1,"PB1","PENDING",5
662,19,"DEBIT",214637,"2023-01-14 19:37:03",7,"PPN","SUCCESS",6
663,63,"CREDIT",843333,"2022-02-14 06:44:50",5,"PB1","SUCCESS",6
664,11,"CASH",767783,"2023-09-14 06:35:42",8,"PPN","CANCELED",1
665,8,"CASH",4084,"2022-01-30 21:56:09",3,"PB1","FAILED",2
666,87,"DEBIT",265805,"2022-03-21 06:07:06",5,"PB1","SUCCESS",1
667,16,"DEBIT",387222,"2023-01-02 22:55:31",8,"PB1","PENDING",4
668,7,"DEBIT",647164,"2023-04-28 13:41:53",5,"PB1","CANCELED",6
669,47,"DEBIT",423813,"2023-11-14 18:54:14",2,"PB1","PENDING",4
670,24,"CASH",458748,"2023-01-24 07:14:16",9,"PB1","SUCCESS",5
671,40,"DEBIT",326127,"2022-05-14 05:53:14",6,"PPN","EXPIRED",5
672,50,"CASH",309604,"2023-05-24 16:00:51",2,"PPN","PENDING",6
673,29,"DEBIT",139830,"2022-04-26 11:21:08",3,"PB1","SUCCESS",3
674,36,"QRIS",750631,"2023-01-16 21:26:08",2,"PB1","SUCCESS",3
675,55,"DEBIT",279663,"2022-07-23 01:33:36",2,"PPN","SUCCESS",6
676,86,"CREDIT",352469,"2022-01-01 03:21:35",6,"PPN","EXPIRED",5
677,94,"DEBIT",751940,"2023-07-02 17:56:08",5,"PPN","SUCCESS",4
678,79,"CASH",516674,"2022-02-13 06:41:32",3,"PB1","SUCCESS",4
679,75,"CREDIT",474254,"2023-07-25 23:17:14",8,"PB1","SUCCESS",1
680,6,"DEBIT",75079,"2022-08-09 19:46:46",5,"PPN","SUCCESS",5
681,70,"QRIS",453713,"2022-10-12 21:10:55",7,"PB1","SUCCESS",3
682,25,"CASH",706454,"2023-04-28 10:55:55",9,"PB1","SUCCESS",5
683,80,"CREDIT",481509,"2023-03-09 12:14:01",7,"PPN","SUCCESS",4
684,11,"CASH",101483,"2022-12-02 03:53:49",3,"PPN","PENDING",6
685,66,"DEBIT",935358,"2023-10-21 09:51:28",5,"PB1","PENDING",5
686,20,"CREDIT",579415,"2023-04-16 23:59:44",3,"PB1","SUCCESS",5
687,32,"DEBIT",173670,"2022-07-19 03:51:32",1,"PB1","FAILED",5
688,82,"QRIS",882232,"2023-05-28 01:15:19",10,"PPN","SUCCESS",3
689,27,"QRIS",25811,"2023-05-02 00:07:06",5,"PPN","PENDING",6
690,60,"CASH",161639,"2022-06-14 22:50:12",10,"PB1","FAILED",4
691,1,"CASH",154013,"2023-06-30 15:00:15",8,"PPN","SUCCESS",5
692,33,"CREDIT",577831,"2023-11-03 13:27:08",10,"PPN","PENDING",5
693,76,"CREDIT",731656,"2023-10-17 21:08:59",7,"PPN","SUCCESS",4
694,82,"DEBIT",389440,"2023-09-16 09:45:13",9,"PB1","SUCCESS",1
695,3,"CREDIT",258134,"2023-02-05 03:13:19",3,"PPN","SUCCESS",4
696,60,"DEBIT",7789,"2022-08-10 15:12:01",3,"PPN","SUCCESS",4
697,41,"QRIS",630049,"2022-03-14 19:05:16",7,"PPN","SUCCESS",6
698,76,"QRIS",28634,"2022-12-05 01:17:32",6,"PPN","SUCCESS",6
699,26,"CASH",854403,"2022-10-25 14:31:19",2,"PPN","SUCCESS",2
700,71,"CASH",19209,"2023-02-05 17:05:15",7,"PPN","EXPIRED",1
701,28,"CASH",386957,"2022-08-11 17:09:34",10,"PB1","CANCELED",6
702,9,"CREDIT",307308,"2022-04-29 13:16:37",4,"PPN","SUCCESS",1
703,12,"CASH",416180,"2023-05-30 11:33:08",1,"PPN","SUCCESS",5
704,88,"CASH",363470,"2022-11-07 05:11:30",3,"PB1","SUCCESS",5
705,27,"CASH",351011,"2023-10-24 21:06:23",7,"PB1","EXPIRED",3
706,10,"CASH",282604,"2023-01-31 10:24:41",5,"PPN","SUCCESS",6
707,34,"CREDIT",909638,"2022-12-31 09:15:56",1,"PPN","SUCCESS",6
708,33,"CREDIT",662613,"2022-07-17 14:06:20",3,"PB1","SUCCESS",6
709,73,"CASH",57329,"2023-04-05 19:18:50",8,"PPN","SUCCESS",6
710,53,"CASH",367583,"2023-09-24 21:42:02",7,"PPN","SUCCESS",4
711,35,"DEBIT",255331,"2022-08-30 20:00:00",10,"PB1","PENDING",2
712,73,"CASH",769246,"2023-01-02 23:02:42",1,"PB1","SUCCESS",6
713,20,"CREDIT",502253,"2023-03-02 01:55:16",3,"PB1","EXPIRED",4
714,19,"DEBIT",735310,"2022-05-28 20:36:18",2,"PB1","SUCCESS",3
715,33,"QRIS",290707,"2023-10-29 06:08:22",8,"PB1","SUCCESS",4
716,38,"DEBIT",485036,"2022-08-03 03:55:55",4,"PB1","FAILED",5
717,38,"CREDIT",682410,"2022-12-14 23:32:49",10,"PPN","SUCCESS",3
718,33,"QRIS",694441,"2023-10-19 11:33:10",2,"PPN","SUCCESS",1
719,26,"QRIS",592836,"2023-10-23 00:42:46",5,"PPN","SUCCESS",1
720,93,"QRIS",334716,"2023-10-16 09:07:23",5,"PPN","SUCCESS",4
721,4,"CREDIT",970323,"2022-08-29 11:18:04",1,"PPN","SUCCESS",6
722,36,"DEBIT",447937,"2023-06-12 17:49:32",6,"PPN","FAILED",1
723,49,"DEBIT",848489,"2023-10-28 10:15:19",1,"PB1","SUCCESS",4
724,60,"DEBIT",10756,"2022-07-15 06:27:10",3,"PB1","SUCCESS",1
725,51,"CREDIT",802941,"2022-10-06 12:59:47",3,"PPN","FAILED",3
726,48,"QRIS",554650,"2022-03-12 17:42:28",9,"PPN","SUCCESS",5
727,68,"CREDIT",423568,"2023-10-27 08:13:11",2,"PPN","SUCCESS",5
728,34,"CREDIT",365781,"2022-03-02 02:40:19",6,"PB1","SUCCESS",5
729,61,"CASH",191084,"2022-11-11 08:22:34",2,"PPN","SUCCESS",5
730,73,"CREDIT",190636,"2023-07-10 21:26:33",6,"PB1","CANCELED",5
731,59,"CASH",676106,"2022-09-12 20:55:30",6,"PPN","EXPIRED",4
732,72,"DEBIT",983590,"2022-06-07 07:54:25",1,"PB1","SUCCESS",5
733,42,"DEBIT",396745,"2023-03-03 02:11:44",3,"PPN","EXPIRED",5
734,85,"CREDIT",576291,"2022-09-28 12:46:21",3,"PB1","SUCCESS",5
735,1,"CASH",924884,"2022-12-24 03:55:43",4,"PPN","SUCCESS",4
736,86,"CREDIT",951436,"2023-07-06 01:51:57",7,"PB1","FAILED",3
737,40,"DEBIT",522169,"2022-06-05 23:53:33",8,"PPN","CANCELED",1
738,95,"QRIS",753563,"2023-05-29 03:29:20",2,"PPN","CANCELED",5
739,6,"CASH",507580,"2022-11-07 01:37:11",6,"PB1","CANCELED",5
740,71,"QRIS",267333,"2023-05-23 07:11:34",2,"PPN","SUCCESS",1
741,20,"CASH",601075,"2023-09-17 12:17:19",3,"PB1","SUCCESS",2
742,75,"QRIS",960073,"2023-07-27 06:37:31",10,"PB1","SUCCESS",6
743,1,"CASH",189980,"2023-06-18 17:02:55",3,"PPN","PENDING",4
744,54,"QRIS",793444,"2023-06-05 08:12:47",3,"PPN","SUCCESS",5
745,96,"CASH",443601,"2023-08-24 18:59:37",5,"PPN","EXPIRED",5
746,69,"CASH",445762,"2022-06-02 08:33:13",2,"PB1","EXPIRED",6
747,52,"CASH",46862,"2022-12-08 04:25:29",10,"PPN","SUCCESS",6
748,27,"DEBIT",660229,"2023-06-20 06:47:18",2,"PPN","SUCCESS",5
749,64,"QRIS",965978,"2023-03-16 23:29:27",8,"PPN","SUCCESS",4
750,57,"CREDIT",932413,"2023-10-27 06:35:51",8,"PB1","SUCCESS",5
751,90,"CASH",271799,"2022-07-20 18:36:19",5,"PB1","SUCCESS",1
752,1,"CASH",21979,"2022-09-24 01:51:15",2,"PB1","SUCCESS",4
753,46,"CASH",481049,"2023-08-24 02:12:11",4,"PB1","SUCCESS",6
754,76,"CASH",560798,"2023-11-01 01:39:43",8,"PPN","SUCCESS",3
755,7,"CREDIT",436155,"2022-12-24 19:12:29",6,"PB1","EXPIRED",4
756,65,"DEBIT",137509,"2023-05-02 17:23:41",9,"PB1","SUCCESS",6
757,36,"DEBIT",155293,"2022-06-05 03:29:24",4,"PPN","SUCCESS",6
758,67,"CASH",917149,"2023-04-21 17:57:46",10,"PB1","EXPIRED",5
759,41,"CASH",779346,"2023-09-24 12:22:04",4,"PPN","SUCCESS",5
760,10,"CREDIT",107667,"2022-11-01 14:11:00",7,"PPN","SUCCESS",5
761,8,"CREDIT",261857,"2023-04-08 05:13:38",9,"PB1","SUCCESS",5
762,45,"CREDIT",888864,"2022-11-07 00:37:41",1,"PPN","SUCCESS",5
763,15,"DEBIT",542316,"2022-08-03 04:26:39",5,"PPN","SUCCESS",4
764,23,"CREDIT",572171,"2023-03-23 19:44:48",10,"PB1","CANCELED",4
765,61,"DEBIT",874029,"2022-10-29 18:27:20",6,"PPN","SUCCESS",1
766,46,"QRIS",88706,"2022-02-17 22:48:30",4,"PB1","EXPIRED",1
767,85,"CREDIT",181720,"2022-08-08 17:37:31",9,"PPN","PENDING",5
768,66,"CASH",436163,"2022-09-26 07:12:45",4,"PB1","SUCCESS",5
769,50,"QRIS",965392,"2022-01-26 05:23:19",10,"PB1","SUCCESS",5
770,96,"CASH",833272,"2022-03-11 02:11:00",10,"PPN","SUCCESS",4
771,100,"CASH",814134,"2022-04-15 09:22:09",3,"PB1","FAILED",4
772,64,"CREDIT",867896,"2023-08-01 00:38:26",7,"PB1","FAILED",4
773,88,"DEBIT",215715,"2022-08-12 06:40:18",10,"PPN","EXPIRED",5
774,57,"CREDIT",494777,"2023-01-03 06:22:29",5,"PPN","SUCCESS",6
775,63,"DEBIT",968554,"2022-09-14 21:08:25",5,"PPN","PENDING",1
776,5,"DEBIT",413123,"2022-12-16 06:54:05",10,"PPN","SUCCESS",4
777,22,"QRIS",216872,"2022-05-27 15:43:33",2,"PB1","SUCCESS",5
778,16,"QRIS",69269,"2022-09-03 09:57:13",2,"PPN","SUCCESS",4
779,94,"CREDIT",419024,"2023-08-02 07:32:49",2,"PB1","SUCCESS",2
780,40,"QRIS",578512,"2023-09-08 03:31:23",9,"PB1","SUCCESS",2
781,26,"QRIS",913571,"2022-01-02 20:37:35",4,"PPN","SUCCESS",3
782,4,"DEBIT",698535,"2022-09-13 17:57:45",10,"PB1","SUCCESS",5
783,89,"DEBIT",3257,"2023-09-29 14:32:28",6,"PPN","SUCCESS",4
784,8,"DEBIT",352245,"2023-06-18 23:14:59",2,"PPN","SUCCESS",6
785,88,"CREDIT",207060,"2023-02-22 09:48:36",4,"PB1","SUCCESS",1
786,99,"QRIS",993815,"2023-09-08 09:21:31",3,"PPN","SUCCESS",5
787,40,"CREDIT",326648,"2022-05-26 23:36:03",8,"PB1","EXPIRED",6
788,7,"CREDIT",409230,"2023-11-12 23:10:30",8,"PPN","SUCCESS",5
789,33,"QRIS",246757,"2023-03-07 18:26:52",8,"PPN","FAILED",4
790,65,"DEBIT",791842,"2022-03-03 15:43:31",6,"PPN","FAILED",6
791,71,"CREDIT",867379,"2022-04-25 19:04:44",6,"PPN","EXPIRED",4
792,22,"CASH",832368,"2023-03-14 23:10:11",6,"PPN","SUCCESS",5
793,12,"CREDIT",861807,"2022-11-14 00:41:07",10,"PPN","SUCCESS",4
794,4,"QRIS",745347,"2023-02-26 17:56:42",7,"PPN","SUCCESS",5
795,7,"QRIS",899000,"2022-10-15 18:54:25",1,"PPN","SUCCESS",5
796,29,"CREDIT",442744,"2023-09-03 15:19:59",8,"PB1","SUCCESS",5
797,34,"DEBIT",878645,"2022-08-05 08:53:53",1,"PB1","SUCCESS",5
798,59,"CREDIT",34839,"2022-04-17 08:53:03",10,"PB1","SUCCESS",5
799,80,"DEBIT",898994,"2023-05-22 23:15:13",4,"PPN","SUCCESS",6
800,35,"CREDIT",152389,"2022-05-18 21:26:01",5,"PPN","EXPIRED",4
801,33,"QRIS",969246,"2023-07-03 20:21:19",6,"PB1","PENDING",3
802,46,"CASH",229563,"2023-03-24 00:31:00",7,"PB1","SUCCESS",2
803,59,"QRIS",510666,"2022-05-29 06:39:24",1,"PB1","EXPIRED",3
804,1,"QRIS",991491,"2022-05-23 15:06:02",10,"PB1","CANCELED",6
805,29,"QRIS",118845,"2022-09-05 14:44:36",4,"PPN","EXPIRED",6
806,12,"DEBIT",508892,"2022-03-02 16:06:33",6,"PPN","CANCELED",5
807,60,"QRIS",174441,"2022-08-07 13:35:16",7,"PB1","SUCCESS",4
808,84,"CASH",90051,"2023-02-14 22:33:51",2,"PPN","SUCCESS",2
809,61,"QRIS",367977,"2022-10-04 08:25:44",4,"PB1","SUCCESS",3
810,11,"CREDIT",891373,"2022-12-07 09:47:08",5,"PB1","SUCCESS",5
811,77,"DEBIT",242439,"2022-06-14 01:28:54",8,"PB1","SUCCESS",4
812,36,"CASH",102535,"2023-04-14 21:27:20",10,"PB1","SUCCESS",5
813,75,"CREDIT",435836,"2023-07-15 10:37:52",8,"PB1","SUCCESS",4
814,2,"CASH",94006,"2022-05-19 23:01:50",8,"PPN","SUCCESS",1
815,59,"QRIS",139986,"2022-02-06 04:12:40",5,"PB1","EXPIRED",1
816,71,"DEBIT",19424,"2022-04-26 12:44:07",7,"PB1","SUCCESS",1
817,84,"CASH",681768,"2022-09-24 00:29:00",6,"PB1","EXPIRED",5
818,22,"CASH",446722,"2023-03-16 15:38:32",8,"PB1","SUCCESS",5
819,46,"CREDIT",852627,"2023-11-23 00:58:44",5,"PPN","SUCCESS",3
820,23,"CASH",358247,"2022-02-05 12:24:29",9,"PB1","SUCCESS",6
821,73,"QRIS",714395,"2023-05-31 01:29:33",7,"PB1","SUCCESS",5
822,26,"CASH",284358,"2023-07-29 12:55:05",4,"PB1","CANCELED",4
823,11,"DEBIT",305156,"2023-10-28 15:22:41",9,"PPN","SUCCESS",6
824,34,"QRIS",851549,"2022-11-19 06:43:47",8,"PPN","SUCCESS",2
825,45,"DEBIT",354866,"2022-09-09 16:20:08",8,"PPN","SUCCESS",5
826,77,"CREDIT",318440,"2023-07-25 07:14:23",4,"PB1","CANCELED",4
827,26,"QRIS",804345,"2023-01-02 09:50:26",8,"PB1","SUCCESS",1
828,34,"CREDIT",688806,"2023-09-11 09:34:11",8,"PPN","SUCCESS",1
829,82,"QRIS",286599,"2022-10-06 01:05:18",9,"PB1","SUCCESS",3
830,92,"CREDIT",654536,"2023-02-04 01:42:23",6,"PB1","EXPIRED",4
831,25,"CREDIT",408289,"2022-10-27 07:26:17",4,"PPN","SUCCESS",4
832,80,"CASH",782698,"2023-08-29 07:07:45",8,"PPN","SUCCESS",3
833,89,"QRIS",790024,"2023-01-11 23:15:08",3,"PB1","SUCCESS",6
834,85,"QRIS",30957,"2022-04-04 02:54:27",5,"PPN","FAILED",2
835,20,"QRIS",69610,"2023-06-21 22:10:19",9,"PB1","SUCCESS",6
836,53,"CASH",375451,"2023-05-30 21:12:42",6,"PPN","EXPIRED",5
837,23,"QRIS",410577,"2022-10-06 08:30:29",5,"PB1","PENDING",6
838,19,"QRIS",488262,"2023-01-24 16:21:35",9,"PB1","EXPIRED",3
839,53,"CREDIT",100611,"2023-11-20 03:00:33",5,"PB1","FAILED",6
840,93,"CASH",10090,"2023-02-28 04:11:17",3,"PPN","SUCCESS",4
841,79,"QRIS",920501,"2022-10-23 12:26:01",3,"PPN","PENDING",5
842,71,"CASH",818134,"2023-07-29 00:27:22",7,"PPN","SUCCESS",5
843,65,"DEBIT",266080,"2023-10-27 21:56:25",8,"PB1","SUCCESS",6
844,81,"CASH",292641,"2022-03-04 09:25:31",6,"PPN","SUCCESS",6
845,10,"CREDIT",444146,"2023-03-13 07:23:19",4,"PB1","CANCELED",5
846,98,"QRIS",430987,"2023-03-23 21:59:33",9,"PB1","CANCELED",5
847,77,"DEBIT",532918,"2023-11-02 15:22:52",10,"PB1","SUCCESS",1
848,63,"DEBIT",853954,"2022-04-24 01:23:20",2,"PPN","SUCCESS",6
849,68,"CREDIT",86996,"2022-07-14 11:39:54",9,"PPN","SUCCESS",4
850,100,"CASH",321977,"2022-06-12 04:36:44",3,"PB1","SUCCESS",6
851,20,"DEBIT",354898,"2022-12-06 08:15:54",9,"PPN","SUCCESS",6
852,60,"QRIS",416431,"2022-05-08 11:16:24",1,"PPN","SUCCESS",1
853,59,"DEBIT",787892,"2023-03-27 19:27:58",9,"PB1","SUCCESS",6
854,84,"CREDIT",969658,"2022-09-06 04:05:42",8,"PPN","SUCCESS",3
855,34,"DEBIT",918412,"2023-05-17 16:41:26",1,"PPN","SUCCESS",6
856,74,"CASH",69911,"2023-07-12 13:46:15",9,"PB1","EXPIRED",6
857,1,"CASH",573784,"2023-03-25 11:58:35",10,"PPN","SUCCESS",4
858,28,"CASH",128892,"2022-05-21 06:45:33",3,"PB1","SUCCESS",4
859,90,"DEBIT",367604,"2022-01-30 02:00:26",7,"PPN","SUCCESS",3
860,71,"CASH",797746,"2023-07-11 20:33:11",10,"PB1","SUCCESS",4
861,35,"CREDIT",619286,"2022-06-23 18:57:22",10,"PPN","SUCCESS",5
862,84,"CREDIT",162254,"2023-06-30 06:27:52",7,"PB1","SUCCESS",2
863,53,"CASH",373215,"2023-02-25 20:18:25",9,"PB1","SUCCESS",6
864,83,"CREDIT",527676,"2022-03-21 21:35:37",9,"PPN","SUCCESS",4
865,14,"DEBIT",200407,"2022-09-04 21:23:32",7,"PPN","CANCELED",3
866,52,"CASH",935424,"2022-07-09 21:54:56",3,"PB1","SUCCESS",5
867,39,"CASH",434192,"2023-08-12 02:45:59",8,"PPN","SUCCESS",4
868,46,"QRIS",452330,"2023-03-04 22:06:26",2,"PB1","SUCCESS",1
869,26,"QRIS",518009,"2022-01-29 03:37:14",2,"PPN","SUCCESS",4
870,1,"CREDIT",578486,"2022-11-22 03:56:47",8,"PB1","SUCCESS",5
871,14,"CREDIT",447641,"2023-08-07 00:02:59",8,"PPN","SUCCESS",5
872,42,"CREDIT",741940,"2022-04-06 03:36:29",9,"PPN","SUCCESS",5
873,18,"CASH",673719,"2023-08-16 17:29:24",8,"PB1","SUCCESS",1
874,52,"QRIS",812069,"2022-01-11 01:18:24",4,"PPN","SUCCESS",6
875,3,"QRIS",923793,"2022-05-21 02:13:23",5,"PPN","FAILED",4
876,16,"CASH",397810,"2023-10-10 01:40:17",7,"PPN","PENDING",5
877,1,"QRIS",877383,"2023-11-22 19:55:17",9,"PPN","SUCCESS",3
878,48,"QRIS",298477,"2023-08-12 00:01:19",1,"PPN","SUCCESS",5
879,39,"CREDIT",335251,"2022-06-08 09:37:45",7,"PPN","PENDING",4
880,51,"QRIS",751305,"2022-10-17 11:39:35",3,"PB1","SUCCESS",1
881,48,"DEBIT",920328,"2023-06-27 14:49:36",8,"PB1","SUCCESS",5
882,39,"CASH",747000,"2023-03-19 04:02:29",9,"PB1","EXPIRED",5
883,90,"QRIS",328369,"2023-05-04 02:02:59",1,"PB1","EXPIRED",5
884,50,"CREDIT",857677,"2022-05-18 18:53:33",6,"PPN","SUCCESS",1
885,87,"DEBIT",398290,"2022-09-06 04:28:27",8,"PB1","SUCCESS",5
886,17,"DEBIT",148641,"2023-11-21 23:15:16",7,"PB1","SUCCESS",2
887,52,"CASH",519094,"2022-12-09 23:57:56",8,"PPN","SUCCESS",5
888,43,"QRIS",244922,"2023-04-30 13:37:15",1,"PPN","SUCCESS",4
889,82,"DEBIT",972406,"2022-05-07 07:42:57",2,"PB1","SUCCESS",5
890,49,"CASH",390068,"2023-03-04 05:33:13",7,"PPN","SUCCESS",5
891,97,"CASH",782486,"2022-08-14 22:03:44",4,"PPN","SUCCESS",4
892,41,"CREDIT",932072,"2022-08-13 19:18:37",9,"PB1","SUCCESS",5
893,44,"CASH",892606,"2022-05-18 15:18:00",8,"PB1","EXPIRED",5
894,81,"CREDIT",353637,"2022-10-20 17:00:29",1,"PPN","SUCCESS",4
895,79,"CREDIT",285561,"2023-06-19 04:15:58",3,"PB1","SUCCESS",3
896,44,"QRIS",314551,"2023-08-28 23:34:02",4,"PPN","PENDING",5
897,17,"DEBIT",824451,"2023-09-24 04:54:31",10,"PPN","PENDING",6
898,59,"QRIS",495684,"2023-02-23 20:28:45",6,"PB1","CANCELED",6
899,77,"CREDIT",654540,"2023-01-15 06:59:47",3,"PPN","SUCCESS",2
900,13,"CREDIT",487407,"2023-03-01 00:23:20",2,"PB1","SUCCESS",1
901,10,"QRIS",4571,"2022-10-30 09:36:12",6,"PPN","EXPIRED",4
902,56,"CREDIT",72484,"2022-02-26 22:39:23",2,"PB1","SUCCESS",6
903,19,"CREDIT",253803,"2022-03-25 08:40:35",7,"PPN","SUCCESS",2
904,99,"DEBIT",758954,"2022-07-04 06:36:35",1,"PB1","SUCCESS",5
905,27,"QRIS",795936,"2023-08-28 17:23:53",6,"PPN","SUCCESS",5
906,40,"CASH",703914,"2023-11-06 19:42:32",5,"PPN","SUCCESS",6
907,41,"CASH",797728,"2022-03-13 11:54:24",2,"PPN","SUCCESS",5
908,85,"DEBIT",831760,"2023-07-05 08:22:22",8,"PB1","SUCCESS",6
909,99,"CASH",539083,"2022-04-05 17:31:21",3,"PB1","SUCCESS",1
910,6,"CASH",700065,"2022-07-04 12:56:01",3,"PB1","SUCCESS",3
911,91,"QRIS",462357,"2023-01-18 15:42:11",8,"PPN","SUCCESS",6
912,67,"DEBIT",210634,"2022-10-17 12:17:25",10,"PB1","SUCCESS",5
913,94,"CASH",271601,"2022-06-21 07:57:16",8,"PPN","EXPIRED",5
914,41,"QRIS",569677,"2022-02-04 18:29:03",9,"PPN","EXPIRED",4
915,56,"CREDIT",632207,"2023-09-02 12:56:56",3,"PPN","SUCCESS",4
916,38,"CREDIT",251145,"2023-01-13 17:31:30",8,"PB1","SUCCESS",1
917,50,"DEBIT",912997,"2022-05-28 16:24:17",2,"PPN","SUCCESS",1
918,98,"DEBIT",864579,"2022-11-26 04:35:29",1,"PB1","EXPIRED",2
919,45,"QRIS",839451,"2023-10-06 05:54:10",9,"PPN","FAILED",4
920,27,"CASH",653965,"2023-02-19 20:43:22",3,"PPN","SUCCESS",5
921,28,"CASH",305254,"2023-07-15 05:47:40",2,"PPN","SUCCESS",6
922,82,"QRIS",779148,"2022-02-18 09:13:45",9,"PPN","SUCCESS",5
923,57,"DEBIT",1580,"2023-05-09 04:41:09",6,"PB1","SUCCESS",5
924,55,"CASH",219356,"2023-07-24 12:12:35",9,"PPN","SUCCESS",1
925,8,"CASH",16850,"2023-07-21 19:34:52",8,"PB1","SUCCESS",4
926,54,"QRIS",881406,"2023-04-21 22:11:49",7,"PPN","PENDING",6
927,13,"CREDIT",415576,"2022-02-14 03:40:30",4,"PPN","SUCCESS",2
928,60,"DEBIT",266105,"2022-07-09 01:59:11",3,"PPN","SUCCESS",4
929,47,"CASH",144538,"2022-01-01 05:25:40",6,"PPN","SUCCESS",3
930,8,"QRIS",878034,"2022-10-17 05:47:34",8,"PPN","PENDING",4
931,40,"CREDIT",394929,"2022-11-30 17:47:17",2,"PPN","FAILED",6
932,76,"QRIS",35333,"2022-10-28 02:54:19",3,"PB1","SUCCESS",5
933,92,"DEBIT",581513,"2022-04-18 03:16:50",8,"PPN","SUCCESS",4
934,49,"CREDIT",16545,"2022-11-27 02:54:50",6,"PPN","SUCCESS",2
935,10,"QRIS",151930,"2023-08-27 06:27:20",4,"PB1","SUCCESS",3
936,82,"CREDIT",915439,"2022-02-04 12:29:49",9,"PPN","FAILED",6
937,38,"CREDIT",16121,"2022-12-15 04:56:35",4,"PPN","EXPIRED",4
938,38,"CASH",200757,"2022-09-17 19:23:31",5,"PB1","PENDING",1
939,98,"CASH",33607,"2022-07-06 21:21:13",5,"PPN","SUCCESS",5
940,9,"CREDIT",707893,"2022-11-05 08:17:53",1,"PB1","SUCCESS",5
941,30,"CASH",457955,"2022-04-26 02:56:50",10,"PB1","SUCCESS",4
942,58,"CREDIT",82348,"2022-12-24 16:15:11",7,"PPN","SUCCESS",3
943,49,"CASH",105576,"2022-12-02 11:42:10",9,"PPN","SUCCESS",3
944,64,"CREDIT",947428,"2022-04-27 13:40:34",2,"PB1","SUCCESS",1
945,59,"DEBIT",170077,"2022-04-11 14:01:05",5,"PB1","SUCCESS",4
946,98,"DEBIT",136538,"2023-02-01 01:02:40",8,"PB1","SUCCESS",5
947,35,"CASH",221951,"2022-02-27 10:17:54",1,"PB1","PENDING",5
948,14,"CASH",798694,"2023-05-25 06:27:14",3,"PPN","PENDING",5
949,62,"CREDIT",345373,"2023-06-20 15:24:58",7,"PB1","SUCCESS",5
950,72,"QRIS",711737,"2023-01-24 15:13:23",7,"PB1","SUCCESS",6
951,22,"DEBIT",637812,"2023-01-26 10:59:10",7,"PB1","SUCCESS",1
952,46,"DEBIT",76568,"2022-12-19 19:03:53",1,"PB1","SUCCESS",4
953,58,"CREDIT",699870,"2022-04-06 21:18:00",5,"PPN","SUCCESS",3
954,69,"DEBIT",576584,"2023-06-15 20:26:58",10,"PB1","CANCELED",5
955,58,"CREDIT",130229,"2022-06-12 05:50:50",8,"PPN","SUCCESS",5
956,33,"CREDIT",204994,"2022-09-19 01:26:32",7,"PB1","PENDING",5
957,41,"CASH",300067,"2022-05-08 16:48:52",1,"PB1","SUCCESS",5
958,10,"CASH",23350,"2023-11-04 05:36:19",2,"PPN","FAILED",3
959,75,"DEBIT",429131,"2022-09-26 11:36:21",1,"PB1","CANCELED",6
960,100,"DEBIT",608393,"2022-07-05 15:33:26",8,"PB1","SUCCESS",5
961,6,"CREDIT",946073,"2022-05-13 01:55:34",10,"PPN","PENDING",5
962,20,"QRIS",90936,"2023-01-28 21:32:12",10,"PPN","SUCCESS",4
963,96,"DEBIT",821255,"2023-06-30 14:09:39",9,"PPN","SUCCESS",6
964,58,"CASH",370031,"2022-01-04 09:37:40",5,"PB1","SUCCESS",4
965,34,"CREDIT",300683,"2022-11-22 15:17:13",1,"PB1","SUCCESS",1
966,73,"QRIS",927618,"2022-03-07 04:09:17",1,"PB1","SUCCESS",5
967,50,"DEBIT",482097,"2022-05-28 03:51:28",6,"PB1","EXPIRED",5
968,92,"DEBIT",62476,"2022-10-18 23:15:02",1,"PPN","SUCCESS",3
969,88,"QRIS",494174,"2023-01-06 14:21:28",5,"PPN","CANCELED",4
970,76,"DEBIT",757686,"2022-09-17 23:38:22",1,"PB1","SUCCESS",4
971,62,"CASH",31093,"2022-10-22 15:16:43",3,"PB1","SUCCESS",4
972,25,"QRIS",37922,"2022-03-17 01:49:34",9,"PB1","SUCCESS",2
973,72,"DEBIT",95137,"2023-02-13 21:53:28",3,"PPN","CANCELED",3
974,83,"CREDIT",677063,"2023-10-12 21:58:21",4,"PB1","PENDING",3
975,47,"QRIS",659626,"2023-07-02 05:34:38",4,"PB1","SUCCESS",6
976,45,"DEBIT",440968,"2022-06-07 05:59:38",1,"PB1","SUCCESS",6
977,61,"CASH",422870,"2022-08-06 05:26:58",3,"PPN","SUCCESS",3
978,58,"DEBIT",743380,"2023-01-18 02:32:50",4,"PPN","SUCCESS",5
979,55,"DEBIT",955468,"2023-08-17 15:17:46",6,"PPN","PENDING",6
980,100,"DEBIT",637384,"2022-11-07 11:42:14",7,"PB1","SUCCESS",5
981,6,"DEBIT",419486,"2023-06-15 05:17:40",8,"PPN","EXPIRED",4
982,56,"DEBIT",93540,"2022-01-20 06:05:55",2,"PB1","CANCELED",3
983,73,"CREDIT",618445,"2023-01-23 14:04:46",1,"PB1","FAILED",3
984,30,"CASH",585462,"2023-05-31 19:16:21",3,"PB1","EXPIRED",1
985,56,"CREDIT",406008,"2022-01-25 07:04:54",8,"PPN","SUCCESS",6
986,32,"QRIS",736583,"2022-10-04 04:22:40",2,"PPN","SUCCESS",4
987,6,"QRIS",460382,"2022-01-23 23:09:17",5,"PB1","EXPIRED",4
988,31,"CREDIT",585616,"2022-09-13 14:46:21",6,"PB1","SUCCESS",2
989,72,"QRIS",509145,"2023-07-20 14:46:57",8,"PB1","SUCCESS",6
990,83,"CASH",481437,"2022-11-06 04:23:13",7,"PPN","SUCCESS",3
991,24,"QRIS",810921,"2022-03-06 01:33:45",10,"PB1","CANCELED",4
992,2,"CASH",215201,"2023-01-03 11:59:04",9,"PB1","SUCCESS",2
993,63,"DEBIT",754038,"2023-02-24 04:06:31",7,"PB1","SUCCESS",6
994,63,"CASH",833643,"2022-05-20 11:30:46",4,"PPN","PENDING",6
995,26,"DEBIT",984665,"2023-05-15 03:58:54",8,"PPN","SUCCESS",6
996,97,"CASH",994072,"2023-07-07 08:59:05",10,"PPN","EXPIRED",1
997,23,"CASH",78973,"2022-08-30 08:00:43",10,"PB1","SUCCESS",5
998,60,"DEBIT",905524,"2023-06-03 23:51:58",4,"PB1","SUCCESS",5
999,79,"CREDIT",895629,"2022-11-06 20:54:26",6,"PB1","SUCCESS",6
1000,83,"QRIS",879,"2023-04-04 18:59:23",3,"PPN","SUCCESS",5
